comments,label
ðŸ”¥,1
ðŸ‘,1
ìžì¼“ì •ë³´ì•Œìˆ˜ìžˆë‚˜ìš”,0
í—¤ì–´ ê³±ì°½ ì •ë³´ ì•Œê³ ì‹¶ì–´ìš”,0
ì–¸ì œì—…ëŽƒë˜ìš”??,0
ë°”ì§€ ì´ë¦„ì´ ë­”ê°€ìš©!,0
ë¡œê³ í¬ì¸íŠ¸ ì™„ì „ ë©‹ì§€ì‹ ê±¸ìš”ðŸ˜®ðŸ”¥,1
ìºì£¼ì–¼í•œ ì½”ë”” ì˜ˆì˜ë„¤ìš©ðŸ‘,1
ì˜¤ëŠ˜ì€ ë¹¨ë¦¬ í‡´ê·¼í•˜ëŠ”ë‚ ã…Ž,1
ì´ë²ˆì—ë„ ì¡°ì‹¬ížˆ ë„˜ì–´ê°€ê¸¸ðŸ˜¢,0
ì¹´ëˆˆ ì¡°ì‹¬ðŸ”¥,0
ë°˜ë°”ì§€ì™€ ë§¤ì¹˜í•˜ê¸° ë”± ì¢‹ì€ í•ì´ë¼ ìž˜ ì–´ìš°ëŸ¬ì§€ë„¤ìš©ðŸ«¢,1
ê¹”ë”í•œ ë¡œê³  í¬ì¸íŠ¸ðŸ”¥,1
ë‚ ì•„ê°€ì§€ì•Šê²Œ ì¡°ì‹¬í•˜ì„¸ìš” ðŸ˜¢ðŸ˜¢,1
"You nailed it hunðŸ˜ðŸ”¥ And you came up with the best shot of yourself in this picture. In fact, that's perfect fit for our brand. So, DM me to receive gifts for FREE of your own choice from usðŸ˜ŠðŸ’•",1
íƒ€ì´í‘¼ðŸŒ€,0
ì›ƒëŠ”ê±° ë„˜ì´ë¿Œë‹¹,1
ðŸ‘ðŸ’‹ðŸ˜,1
ì—¬ë¦„ì˜·ë„ ì•„ì§ ë§ˆìŒê» ëª»ìƒ€ëŠ”ë°.. ì´ì œ ì‹ ë‚˜ê²Œ ê°€ì„ì˜·ì„ ê³¨ë¼ë´ì•¼ê² êµ°ìš” ðŸ™ŒðŸ™ŒðŸ™Œ,1
ê¸°ëŒ€ì¦ !!!!!,1
ëˆˆì›ƒìŒ ê·€ì—¼ë½€ì§ì´ë„¤ìš”ðŸ™‹ðŸ»â€â™‚ï¸,1
ê·€ì—¬ìš´ ìš±ìž‰,1
ë°”ì§€ ë„ˆë¬´ ì´ë»ìš”,1
ì„¸ìƒì— ì›ƒëŠ”ê±°.....,1
ê·€ìš”ë¯¸ë„¤ ìš°ê¸°,1
ì²­ë°”ì§€ ì—…ë°ì´íŠ¸ ëœê±´ê°€ìš”?,1
ðŸ––,1
ðŸ”¥,1
â¤,1
ì´ê±°ì•¼!,1
ì´ë²¤íŠ¸ ì¶”ì²¨ ê²°ê³¼ë‚˜ì™”ë‚˜ìš©,1
â¤ï¸,1
â¤ï¸ðŸ’—ðŸ’–â¤ï¸ðŸ’–ðŸ’—ðŸ’–â¤ï¸ðŸ’–ðŸ’—ðŸ’–â¤ï¸ðŸ’—ðŸ’–â¤ï¸ðŸ’—ðŸ’–â¤ï¸ðŸ’–ðŸ’—ðŸ’–â¤ï¸ðŸ’–â¤ï¸,1
â¤ï¸ðŸ’–ðŸ’—â¤ï¸ðŸ’–ðŸ’—ðŸ’–â¤ï¸ðŸ’–ðŸ’—ðŸ’–â¤ï¸â¤ï¸ðŸ’–â£ï¸ðŸ’–ðŸ’–ðŸ’—ðŸ’–â¤ï¸ðŸ’–ðŸ’—â¤ï¸ðŸ’—ðŸ’–â¤ï¸,1
â¤ï¸,1
â¤ï¸,1
â¤ï¸,1
â¤ï¸,1
â¤ï¸,1
â¤ï¸,1
â¤ï¸,1
â¤ï¸,1
â¤ï¸,1
ì •ë§ ì¢‹ì•„í•˜ëŠ” ì• ì •í•˜ëŠ” ìµœì• í•˜ëŠ” ë””ìžì¸ì´ë¼ ëª‡ìž¥ì€ ì§ì ‘ êµ¬ë§¤ë¥¼...ðŸ˜†,1
ìµœì•  í‹°ì…”ì¸  ì¤‘ í•˜ë‚˜..ðŸ€,1
ðŸ”¥,1
ðŸ¤™,1
"Amazing image, we 'd  enjoy to  collaborate with you for much more  details message our  major account in mybio",1
ë°”ë¡œ êµ¬ë§¤!,1
ðŸ”¥,1
ðŸ”¥,1
ì •ìƒì ì¸ ì‚¬ì§„ ë³´ê¸° ì‰½ì§€ì•Šë„¤,0
ìš°ì•„ ì‚¬ëžŒì´ë‹¤,0
ëˆˆ ëœ¬ê±°ê°€,0
ðŸ”«,1
ã…‹ã…‹ã…‹ã…‹ã…‹ã…‹ã…‹ã…‹ ìš•ë‚˜ì˜¤ë„¤,0
ì™€ ì§€ê¸ˆ ì£¼ë¬¸í•˜ëŸ¬ê°‘ë‹ˆë‹¹...â£ï¸,1
ðŸ”¥,1
ì¤€ì›ì•„! ë‚¨ìžëŠ” ë­ë‹¤? ìžì‹ ê°!,1
ðŸ”¥,1
ðŸ”¥,1
ì˜¤ëŠ˜ ì™€ë“œê°€ ë²„í”¼ ë°•ìŠ¤ì í”„ì˜¤ë²„ì˜€ëŠ”ë°ìš”... í•˜ë‹¤ê°€ ì •ê°•ì´ í”¼ë³¼ë»”í–ˆë˜ ìˆœê°„ì´ ëª‡ë²ˆìžˆì—ˆë„¤ìš”...ë‹¤ ì‹«ì€ë° ë²„í”¼ ì œì¼ ì‹«ì€ë° ë‚˜ëŠ” ì™œ í¬ë¡œìŠ¤í•ì„ í•˜ê³ ìžˆëŠ”ì§€ ... ì™œ ë‹¤ìŒë‚  ì™€ë“œê°€ ë­˜ê¹Œ ì„¤ë ˆì–´í•˜ëŠ”ì§€.. ì•”íŠ¼ ì´ê±´ ë³‘ì¸ê²ƒê°™ì•„ìš”.. ì™„ì „ ìª¼ëž©ì¸ë°..,0
ì“°ëŸ¬ìŠ¤í„° ìž˜í•˜ëŠ” ì‚¬ëžŒì´ í¬ë¡œìŠ¤í• ìž˜í•˜ë”ë¼êµ¬ìš”,1
ë²„í”¼ë§Œë“œì‹  ë¶„ ì§€ì˜¥ê°€ì„œ ê¼­ ë“¤ìˆ¨/ë‚ ìˆ¨ì— ë²„í”¼í•˜ì„¸ìš”â˜ºï¸,1
ðŸ”¥,1
ê³ ì¸ë¬¼ì´ ìƒê°í•˜ëŠ” ê½ƒì€ ë‹¹ê·¼ ì—­ë„ê² ì£ ?,1
ðŸ•³ï¸,1
ðŸ•³ï¸,1
@_b._.gle_ @jjungbong2 @hyeseung_yoon @nyeong_hong @c_jw_97 ì¹´í‚¤ê·¸ë¼ë„ ë§¤ë‹ˆì•„ë“¤ ë ˆì­ˆê³ ,1
ðŸ”¥,1
@yechani_p @kkyoung_min @mi.__.zzzii @joosoojin @jellybreaker @zaranara_kkk @seoughyeok ì˜¤í”ˆì§ë•Œ ã„±ðŸ”¥,1
@jolly.jee ë‚œ ì¹´í‚¤ê·¸í•˜ë„ì—†ì§€ë§Œ ë‘˜ì´ì—´ì‹œë¯¸ ì˜¬ë ¤ã…›ã…“ ì–‘ë§ë°›ê²Œí•´ì¡°!,1
ì¹´í‚¤ê·¸ë¼ë„ ìž¥ì°©í• ê¹Œìš”? ã…Ž  @snake_choii @shin_jjung__ @is.geunhe @heo._.yum @sujin39 @gimseonhyi2470 @biniibinii_life @parkyurida_,1
ì–‘ë§ ì¢€ ë°›ìì‹œë‹¤,1
ê³ ê³ ~~,1
@eun_hyering @baedaeyong ëª¨ì—¬ë¼,1
ðŸƒðŸ»ðŸƒðŸ»ðŸƒðŸ»,1
ã„±ã„±,1
?,1
ðŸ”¥,1
Send pic â¤âœ¨,1
ðŸ”¥,1
ðŸ”¥,1
ì™€...ë…¸ëž‘ ìµœì• ìƒ‰ì¸ë°..ðŸ˜ðŸ˜,1
ë‰´ ì»¬ëŸ¬ëŠ” ì–¸ì œ ì—…ë°ì´íŠ¸ ë˜ë‚˜ìš”!!,1
ðŸ”¥,1
ìœ¼.. ê¹Œë¹„ ìƒŒë“œã… ðŸ˜¢,1
ê°ì‚¬í•©ë‹ˆë‹¤ ðŸ’›,1
ê°•ì¸í•œ ë¨¸ì“±ðŸ¥²íƒ€ë“œðŸ¤­ ì´ëª¨í‹°ì½˜ ìƒ‰ê¹”ì´ëž‘ ë˜‘ë”” ë‹®ì€ ë¨¸ìŠ¤íƒ€ë“œìŠ¤ëŸ¬ìš´ ê°•ë ¬í•œ ë…¸ëž‘ì´ìš” ðŸ˜ƒ,1
ë¨¸ìŠ¤íƒ€ë“œ!,1
ë‚˜ì²˜ëŸ¼ ê¹œì°í•˜ì§€ë§Œ ê°•ì¸í•œ ë¨¸ìŠ¤íƒ€ë“œ!~â™¥ï¸,1
ë¨¸ìŠ¤íƒ€ë“œðŸ§¡ðŸ’›!,1
ë¨¸(ìŠ¬í•)ìŠ¤íƒ€ë“œ,1
ðŸ”¥,1
ë…¸ëž‘ìƒ‰ðŸŸ¨,1
ë¨¸ìŠ¤íƒ€ë“œðŸ¥,1
ì£¼í™©ìƒ‰ ðŸŸ§,1
ë¨¸ìŠ¤íƒ€ë“œðŸ˜»ðŸ’›,1
"ë…¸ëž‘,ë¨¸ìŠ¤íƒ€ë“œ,ë…¸ëž€ê³„ì—´ðŸ’› @0_en2",1
So beautiful â¤ï¸,1
ìž˜ ì–´ìš¸ë¦¬ì‹œëŠ”ë°ìš”?!ì´ì˜ë„¤ìš”! ë„¤ì´ë”ìŠ¤í‹°ë„ ì°°ë–¡ìž…ë‹ˆë‹¤ ë¡œê³ ê°€ ê·€ì—¬ìš´!ðŸ‘,1
ë ˆê·¤ëŸ¬í•ë„ ë„ˆë¬´ ì´ìœë°ìš” ðŸ˜ðŸ˜,1
í• êµ¿ìž…ë‹ˆë‹¤ ðŸ”¥ðŸ”¥ðŸ‘,1
ë„ˆë¬´ ìž˜ ì–´ìš¸ë¦¬ì‹œê¸°ë§Œ í•˜ì‹ ë°ìš”~~ ðŸ‘í• ë‚˜ì´ìŠ¤!!,1
ë¡¤ì—… í¬ì¸íŠ¸ðŸ‘,1
ìŠ¤íƒ ë‹¤ë“œí•œ í•ê°ðŸ”¥ðŸ”¥,1
í¬ ë¸”ëž™ë£©ðŸ–¤ðŸ–¤í•ë„ ì˜ˆìˆ ì´ë„¤ìš”ðŸ”¥ðŸ‘ðŸ»,1
í•ðŸ”¥ ì´ì˜ê¸°ë§Œ í•©ë‹ˆë‹¤.ðŸ˜ðŸ”¥ðŸ”¥,1
í• ë„˜ ê¹”ë”í•˜ë„¤ìš”ðŸ–¤âœ¨,1
ë ˆê·¤ëŸ¬í•ë„ ì´ì˜ë„¤ìš” ã…Žã…ŽðŸ‘,1
ë ˆê·¤ëŸ¬í•ë„ ìž˜ ì–´ìš¸ë¦¬ì‹œëŠ”ë°ìš”!!,1
ë ˆê·¤ëŸ¬í•..ë„ˆë¬´ ìž˜ ì–´ìš¸ë¦¬ëŠ”ë°ìš”ðŸ‘ðŸ‘,1
ì „í˜€ ì–´ìƒ‰í•¨ ì—†ì´ ì™„ì „ ìž˜ ì–´ìš¸ë¦¬ì‹œëŠ”ë°ìš”?! ã…Žã…Ž,1
ðŸ”¥,1
ì–¼êµ´ì´ ê¶ê¸ˆí•´ìš”!! ì–¼êµ´ ê³µê°œëŠ” ì–¸ì œì¯¤ í•˜ì‹¤ ì˜ˆì •ì´ì‹ ê°€ìš”??ðŸ˜„,1
DM US PICðŸ‘‰,1
ðŸ”¥,1
ðŸ€,1
hi i sent dmðŸ¤,1
ðŸ€,1
ìš” í‹°ì…”ì¸ ë„ ì°¸ ì‹¬í”Œí•˜ê³  ì˜ˆì˜ë„¤ìš”ðŸ˜,1
í•ì´ ì˜ˆìˆ ðŸ”¥,1
ì–´ìš° ìºì£¼ì–¼ìºì£¼ì–¼í•œë°ìš”?! ìž˜ì–´ìš¸ë¦¬ì‹ ë‹¤ìš”!!,1
ì½”ë”” ê¹”ë”í•˜ì‹­ë‹ˆë”ðŸ‘,1
ë ˆê·¤ëŸ¬í• ë°ë‹˜ê³¼ ì¡°í•©ì´ ê¹”ë”í•˜ê³  ë©‹ì§€ë„¤ìš”ðŸ”¥,1
í—ëž­ ìž˜ì–´ìš¸ë ¤ì˜ðŸ”¥,1
í¬ìœ¼ í•ì´ðŸ”¥ðŸ”¥,1
í¬ ì˜¤ëŠ˜ë„ í• ë„ˆë¬´ ì¢‹ìœ¼ì‹­ë‹ˆë‹¤ðŸ˜ðŸ˜,1
ìš”ìƒˆ ìº˜ë¹ˆí´ë¼ì¸ ë°˜íŒ”í‹°ê°€ ì™¤ì¼€ ì˜ˆë»ë³´ì´ì£ ?! ì™„ì „ ë§Œì¡±ìŠ¤ëŸ¬ìš´ ì‡¼í•‘ í•˜ì…¨ë„¤ìš”ðŸ˜†ðŸ”¥,1
ìºì£¼ì–¼ í• ì¢‹ì•„ìš”ðŸ˜ðŸ˜,1
ì—­ì‹œ CK..ðŸ‘ðŸ‘,1
ì˜¤ëŠ˜ ë£© ë„ˆë¬´ ìž˜ ì–´ìš¸ë¦¬ì‹œë„¤ìš©ðŸ‘ðŸ‘ í™”ìš”ì¼ ìž˜ ë³´ë‚´ì…¨ë‚˜ìš”ðŸ”¥ðŸ”¥ðŸ”¥,1
ìº˜ë¹ˆì€ ì‚¬ëž‘ì´ì£ ðŸ˜,1
ì •êµ­ë‹˜ì´ ê´‘ê³ í–ˆìœ¼ë©´ ë§ë‹¤í–ˆì£µðŸ˜ðŸ”¥,1
ðŸ”¥,1
I would like to buy do you ship to USA?,1
Ship to USA?,1
ðŸ”¥,1
ì‹¹ë‹¤ðŸ‘,1
"ì˜¬ë¦¬ë¸Œì¹´í‚¤, ë°ì €íŠ¸ì¹´í‚¤ ì¢‹ì•„ìš”!",1
ì•„ë¯¸! ìš°ë””!ðŸ˜ðŸ˜ðŸ˜,1
ìƒ‰ë³„ë¡œ ë¬´ì§€ 5 íŒ© ë‚´ì£¼ë©´ ì¢‹ê² ì–´ìš”ðŸ‘,1
ðŸ”¥,1
ì­ˆì•¼ë‹˜ ì´ëž‘ ê³ ì–‘ì´ ë„ˆë¬´ ìž˜ì–´ìš¸ë¦¬ì‹œëŠ”ë°ìš” ã…‹ã…‹ã…‹ ê·¸ë¦¬ê³  ë¨¸ë¦¬ ë¬¶ìœ¼ì‹ ê²ƒë‘ ë„ˆë¬´ ì˜ˆì˜ì„¸ìš©~~ ì§§ì€ë¨¸ë¦¬ ë¬¶ëŠ”ê²ƒë„ ìžì—°ìŠ¤ëŸ¬ìš´ ë¶„ìœ„ê¸°ê°€ ìžˆì–´ìš” ^^,1
ì—°ì²­ì— ë„¤ì´ë¹„ ì»¨ë²„ìŠ¤ ê·¸ë¦¬ê³  ê·€ì—¬ìš´ ê³ ì–‘ì´ê¹Œì§€ ì­ˆì•¼ë‹˜ì´ëž‘ ì°°ë–¡ ì¡°í•©ì¸ê±° ê°™ì•„ìš”ðŸ˜,1
í–‡ì‚´ ë§‘ì€ ì˜¤ëŠ˜ ê°™ì€ ë‚  ë„ˆë¬´ ê·€ì—¬ìš´ í‹°ì…”ì¸  ìž…ê³  ì˜¤ì…¨ë„¤ìš” ìŠ¤ì»¤íŠ¸ê¹Œì§€ ë„˜ ìž˜ ì–´ìš¸ë ¤ìš”!!!ðŸ”¥,1
ì˜¤ëŠ˜ í–‡ì•Œ ë„˜ ì¢‹ì£ !! ì†Œìž¬ ë§ˆìŒì— ë“œëŠ”ë°ìš”ðŸ˜,1
ìˆ˜ìˆ˜í•œ ëŠë‚Œì˜ ì½”ë””!! ìž˜ ë³´êµ¬ê°€ìš”~â˜ºï¸,1
ðŸ± ëƒ¥ì´ëŠ” ë°˜ì¹™ì´ì˜ˆìš” ðŸ¤£ðŸ˜‚ðŸ¤£ðŸ˜‚ ë„ˆë¬´ë‚˜ ë©‹ì§„ í¬ì¸íŠ¸ë„¤ìš” ðŸ˜,1
í¬ìœ¼~~ðŸ™ŒðŸ™Œì­ˆì•¼ë‹˜ ì˜¤ì˜¤ì— ì—˜ ë°˜íŒ”í‹° ë„˜ ì´ì˜ê³  ê³ ì–‘ì´ ë„˜ ííŠ¸ í•˜ë„¤ì˜¤!ê·¸ë¦¬ê³  ì²­ ìŠ¤ì»¤íŠ¸ì— ì»¨ë²„ìŠ¤ ëŠë‚Œê¹Œì§€!ìºì£¼ì–¼í•˜ê³  ì´ìœ ì½”ë”” ì¸ê±°ê°™ìŠµë‹ˆë‹¹ðŸ˜ì°°ë–¡ ì½©ë–¡ìž…ë‹ˆë‹¹ðŸ”¥,1
ì´ í–‡ì‚´ ì € ë„˜ íž˜ë“œëŸ¬ìœ ã…‹ã…‹ðŸ˜®ðŸ˜® ì½”ìˆê·¸ëž˜í”½ ê·€ìš¥â¤ï¸,1
ðŸ˜½,1
ë­ì§€!! ì´ ì—„ì²­ ê¹œì°í•œ ê³ ì–‘ì´ í¬ì¸íŠ¸ëŠ”!!!?ðŸ˜ ë„ˆë¬´ ê·€ì—¬ì›Œì—¬!!!ðŸ¤©ðŸ¤©,1
ì„¤ë¬¸ ìž¬ë¯¸ìžˆì—ˆì–´ìš”!!ã…‹ã…‹ã…‹ã…‹í†µê³„ìƒ ê³ ì¸ë¬¼ ì´ì§€ë§Œ í¬ë¦°ì´ í• ëž˜ìš”ðŸ˜Ž,1
ì§€ë‚˜ê°€ë˜ í–‡ìˆ˜ë§Œ 10ë…„ì°¨ ìž¬ë°Œê²Œ ë³´ê³ ê°‘ë‹ˆë‹¹ðŸ˜‚ðŸ˜‚ðŸ˜‚,1
ì¢‹ì€ í†µê³„ë„¤ìš”!,1
ë¨¸ìŠ¬ì—…ì„ í•˜ê³  ëª»í•˜ê³ ???,1
í•˜ì§€ë§Œ ë§¤ë…„ ìƒˆë¡œìš´ ë™ìž‘ë“¤ì´ ë‚˜ì˜¤ëŠ”ê±¸ìš”...ã…‹ã…‹ ìž‘ë…„ë§Œí•´ë„ xë”ë¸”ì–¸ë” ë‚˜ì™€ì„œ ì„ ìˆ˜ë“¤ë„ ëª»í–ˆë˜ë°....ã…‹ã…‹ã…‹,1
ðŸ”¥,1
ì—‰ë‹ˆ..ê³ ì¸ë¬¼?..ðŸ˜®,1
ê³ ë°©ê´€ 1ë…„ì°¨?!,1
ì´ë ‡ëŒ€ ã…‹ã…‹,1
í˜œì§€ ë¹¼ë°• ê³ ì¸ë¬¼?,1
ê³ ì¸ë¬¼ì”¨,1
ë‚˜ ì©ì€ë¬¼,1
Promote it on,1
Promote it on,1
ìƒí’ˆ ë¬¸ì˜ëŠ” ë””ì—  ë³´ë‚´ì£¼ì„¸ìš”~,1
íŽ¸í•˜ë©´ì„œë„ ê¸°ë³¸í‹°ë¡œ ì°°ë–¡ì¸ë°ìš©ðŸ˜â¤ï¸,1
ë°˜íŒ”í‹° í•˜ë‚˜ì¯¤ì€ í•„ìˆ˜!!,1
íœ˜ëšœë£¨ë§ˆëšœë£¨ ìž…ê¸° ì¢‹ì€í‹°ì¸ê±¸ìš” ðŸ˜,1
ë³´í’€ ì ì€ê±° ì·¨ì €!! ì—¬ë¦„ í‹°ëŠ” ìž¬ì§ˆ ì¤‘ìš”í•´ìš”>< íœ˜ëš¤ë§ˆëœ” ì¢‹ë‹¤â¤ï¸,1
êº… ì˜ˆë» ! ì´ëŸ° í°í‹°ê°€ íœ˜ëš¤ ë§ˆëš¤ ìž…ê¸° ìµì˜¤ðŸ™Œâ¤ï¸,1
ì–´ë””ë“  ìž˜ ì–´ìš¸ë¦¬ê² ì–´ìš”âœŒï¸âœŒï¸,1
í•­ê³µìƒ· ê·€ì—¬ìš°ì–´â¤ï¸â¤ï¸,1
ì§„ì§œ ê·€ì—¬ìš°ì‹œë‹¤ë‹ˆê¹¡ã…Žã…Ž,1
íœ˜ëš¤ ë§ˆëš¤ ì²´ê³ !!!ðŸ”¥ðŸ”¥ ë§ˆì§€ë§‰ ë¸Œì´ë„ ì¦‡êµ¬ìš¬ã…‹ã…‹ã…‹ã…‹ã…‹âœŒðŸ»ðŸ˜œ,1
í°í‹° í•œìž¥ìœ¼ë¡œ íž™í•˜ê²Œ ì½”ë””í•˜ê¸° ì„±ê³µì ðŸ˜Žâœ¨,1
ì˜ˆì˜ì‡¼ðŸ‘ðŸ‘,1
í¬.. ì‹¬í”Œì´ì¦ˆë² ìŠ¤íŠ¸ðŸ”¥ðŸ”¥ðŸ”¥ ì—­ì‹œ ìµœê³ !,1
ë„ˆë¬´ ì´ìœ ìŠ¤íƒ€ì¼ë¦¬ì‰¬í•œ ì»¤í”Œâ¤ï¸,1
"í‚¤ì°¨ì´ ë„ˆë¬´ ,,ì„¤ë ˆëŠ”ê±°ì•„ë‹Œê°€ìš”ðŸ’ ìžì£¼ì†Œí†µí•´ìš”â€¼ï¸ðŸ˜‹",1
ë„ˆë¬´ ì˜ˆìœ ì»¤í”Œì´ë„¤ìš©ðŸ˜ ë°˜í•´ì„œ ì„ íŒ”í•˜ê³ ê°€ì˜,1
ë„ˆë¬´ ì´ë»ìš©ðŸ¤ðŸ’› ì†Œí†µí•˜ê³  ì‹¶ì–´ì„œ ì„ íŒ”í•˜êµ¬ ê°€ìš©,1
êº„ ì§„ì§œ ì›Œë„ˆë¹„ì»¤í”Œ....ì–´ì©œì‚¬ì§„ë„ ìž˜ì°ìœ¼ì‹œê³  ã…  ã…  ã…  ã…  ã…  ë„˜ë©‹ì ¸ìš”â¤ï¸,1
"ë‘ë¶„ë‹¤ ê¸°ëŸ­ì§€ ëª¨ì—ì˜¤,,ðŸ’™ ë”°ë¡œì°ì–´ë‘ ì•Œìˆ˜ìž‡ìˆ´ì—¬,,ë‘ë¶„ ìž˜ì–´ìš¸ë¦¬ëŠ”ê³ ðŸ˜–ðŸ’™",1
ìš´ì „í•˜ëŠ” ì—¬ìž ë„ˆë¬´ ë©‹ì§„ë°ìš©ðŸ‘ ì‚¬ì§„ë„ ë„ˆë¬´ ì‚¬ëž‘ìŠ¤ëŸ½ê³  ì´ë¿Œì„¸ìš©ðŸ’™ðŸ’™,1
ì§„ì§œ ì´ ì»¤í”Œ ìµœê³ ë¡œ ì˜ˆìœ ê±° ì•„ì‹œë´?!â™¥ï¸â™¥ï¸,1
ìš´ì „ì—°ìŠµì„ ìž˜í˜”ë‚˜ ë¯¸ì–´ìº£ ë“±ìž¥,1
ìš°ì™• ë‘ë¶„ ì§± ìž˜ì–´ìš¸ë¦¬ì„¸ìš” ðŸ’™,1
ë„ˆë¬´ ìž˜ì–´ìš¸ë ¤ ì¦ë§...â™¥ï¸Ž,1
"ë¹„ì•ˆì™€ì„œì¢‹ì€ë° ë„ˆë¬´ìŠµí•´ìš”,, ì •ë§ì´ìœì»¤í”Œìž‰ì—ì—¬â™¥ï¸",1
ë¹„ê°€ ì•ˆ ì™€ì„œ í­ì—¼ì´ë„¤ìš” ì•„ì´êµ¬ ë‘ ë¶„ ë„ˆë¬´ ì˜ˆì˜ì„¸ìš” ì •ë§ â—¡Ìˆ à·†,1
ìš°ì™• ì˜¤ëŠ˜ë‘ í™˜ì˜ì»¤í”Œ ë¹„ì£¼ì–¼ ìµœê³ ðŸ‘ðŸ»ðŸ˜ðŸ’“,1
ã…‹ã…‹ã…‹ã…‹ ë’¤ì³ì¡Œë„¤ ë¯¸ëˆ„,1
ë¥´ë®ˆë¥´ì•„ë‹ˆëƒ,1
ìœ í–‰ì€ ëŒê³  ëˆë‹¤ê³ ~,1
ã…‹ã…‹ã…‹ã…‹ã…‹ã…‹ã…‹ã…‹ã…‹ã…‹ã…‹ã…‹ã…‹ã…‹ã…‹ã…‹,1
ìš”ì¦˜ íŒ¨í”¼ë„¤,1
ì˜· ì¡´ì˜ˆë‹¤ ì†”ì§ížˆ,1
ì´ê²Œ íŒ¨ì…˜ì´ë‹¤,1
ì™€ìš°,1
ì´ê±° ìˆ˜ë¯¼ì´ ì œì£¼ë„ ê·¤íŒ¨ì…˜ì•„ë‹˜?? ã…‹ã…‹ã…‹ã…‹ã…‹ã…‹ã…‹ì´ˆì›ì´ ë”°ë¼í•œê±°ì•¼??,1
ã…‹ã…‹ã…‹,1
ðŸ˜Š,1
ì‚¬ëžŒ ì–¼êµ´ì´ ìš°ì§¸ ì´ëž˜ìš”,1
ë¨¸ë¦¬ â€¦. ë‚œ ì–¸ì œ â€¦ ê¸°ë¥´ì§€ ?,1
ì‚¬ëž‘ìŠ¤ëŸ° ë‚´ ê·¸ë…€ë“¤..â¤ï¸,1
í•™ìƒ ê¸€ ë‚´ë ¤ ë‚˜ë§Œ ë³´ê²Œ,1
ì™œ ì–´ë–»ê²Œ ë” ì˜ˆë»ì§€ì„¸ìš”..?,1
ë‚´ ì• ì°©ì–¸ë‹ˆ...â¤ï¸,1
ðŸ™ŒðŸ»ðŸ™ŒðŸ»,1
ì†Œë‘ ì•„ì¹´ì¨©?,1
í•˜ìš¸ë‹˜ ì—­ì‹œ ë©‹ìžˆì–´... í•˜ë©´ì„œ ë³´ë‹¤ê°€ ë§ˆì§€ë§‰ì— ë°©ì‹¬í•œ ìƒíƒœë¡œ ì´ìœ ë¥¼ ë´¤ë”ë‹ˆ ì‹¬ì¿µí–ˆë‹¤êµ¬ìš”â¤ï¸,1
"ë¹„ìœ¨ ì°¢ì—ˆë”°,,,ðŸ–¤",1
ì•„ ëŒ•ëŒ•ì´ ë„˜ ê·€ìš¤ðŸ˜,1
ì™„ì €ë‹ˆ ë©‹ì§€ì‹œêµ¬ðŸ”¥ðŸ”¥,1
ì¸í˜•ê°™ì•  ë„˜ ì´ì˜ë‹¤,1
ì—­ì‹œ ëˆ„ë‚˜ì•¼,1
ë©‹ì¨ì´,1
â¤ï¸,1
ðŸ”¥,1
ðŸ”¥,1
ì˜¤ ë„˜ íž™í•´ìš” ðŸ”¥,1
ë‘ë²ˆì§¸ ì‚¬ì§„ ê°œì¡´ì˜ˆë„¤â¤ï¸,1
íƒë‚˜ìœµðŸ‘—,1
ðŸ”¥,1
ê¹œì°Œê¸°ë„¹ðŸ˜ðŸ¤,1
ë‹¤ ì–´ë””ê°,1
ìš°ì™€!,1
ë…¸ë¸Œëžœë“œë²„ê±° ë§›ìžˆì–´ìš”ã…‹ê™¼Ìˆã…‹Ì†ÌŽã…‹ÌÌˆã…‹ÌŠÌˆã…‹ê™¼Ìˆã…‹Ì†ÌŽã…‹ÌÌˆ,1
ðŸ˜ðŸ™ŒðŸ˜,1
ðŸ”¥,1
íœ´ê°€ ë„ˆë¬´ ì¦ê±°ì›Œë³´ì´ì‹œëŠ”ë°ìš”!!ðŸ–ï¸ë°˜ì§€ê°™ì€ ë ˆí„°ë§ì´ ë§¤ë ¥ì ì´ë„¤ìš”!! ë©´ë„ ì¢‹ì•„ë³´ì´ê³  ì‹¬í”Œí•˜ë©´ì„œ ì´ë»ì„œ ì–´ë””ë“ ì§€ ë§¤ì¹˜í•˜ê¸° ì¢‹ì•„ë³´ì—¬ìš”!!âœ¨,1
ì—¬ë¦„ì— í° í‹°ì…”ì¸ ëŠ” ë§Žìœ¼ë©´ ë§Žì„ìˆ˜ë¡ ì¢‹ì€ ê±° ê°™ì•„ìš”ðŸ˜ðŸ˜ì˜¤ëŠ˜ë„ ì¢‹ì€ ì•„ì´í…œ ì†Œê°œ ê°ì‚¬í•©ë‹ˆë‹¤,1
ì¶”ì–µì˜ ì˜¤ë½ì‹¤ðŸŒ,1
í”„ë¦°íŒ… ë„˜ ê·€ì—¬ì›Œìš”ðŸ˜ðŸ’™,1
í°ì²­ ë„ˆë¬´ ìž˜ì–´ìš¸ë¦¬ì‹œë„¤ìš” ã…Žã…Ž í”¼ë“œ í•˜ë‚˜í•˜ë‚˜ ìžì—°ìŠ¤ëŸ¬ìš´ ì—°ì¶œ ë¬´ë“œ ë„ˆë¬´ ì¢‹ì€ê±° ê°™ì•„ìš”ì˜¤ðŸ¤”ðŸ¤”,1
ì€ì€í•œ ë§ì˜ í˜•íƒœë¥¼ ê°€ì§„ í‹°ì…”ì¸ ë¼ ì€ì€í•œ í¬ì¸íŠ¸ë¡œ ì œê²©ì´ í‹°ì…”ì¸  ê°™ì•„ ë„ˆë¬´ ì´ìœê±¸ìš”!? ê±°ê¸°ì— íŒŒëž‘ ë§žì¶¤ê¹Œì§€ ë„ˆë¬´ ì¢‹ë„¤ìš”!!ðŸ”¥,1
ì˜¤ì˜¤ í°í‹°ì— ë°ë‹˜ í• ë„ˆë¬´ ì¢‹ìœ¼ì‹­ë‹ˆë‹¤! ê¹”ë”ëž€ í‹°ì…”ì¸  ë¡œê³ ë„ ì´ì˜ê³  ë„ˆë¬´ ìž˜ì–´ìš¸ë¦¬ì‹œëŠ”ê±¸ìš”! ðŸ˜†ðŸ‘ðŸ»ðŸ«¶ðŸ»ðŸ«¶ðŸ»ðŸ«¶ðŸ»âœ¨âœ¨ë©‹ì§„ ì•„ì´í…œ ì†Œê°œ ê°ì‚¬í•´ìš”!,1
ì˜¤í˜¸!! ì¶”ì–µì˜ ì˜¤ë½ì‹¤!!ðŸ”¥ðŸ”¥ðŸ”¥ ížë§ ì œëŒ€ë¡œ í•˜ì…¨ê² ëŠ”ë°ìš”?!?!ðŸ˜†ðŸ˜†,1
í‹°ì…”ì¸  ê¹”ë”í•˜ê³  ë„ˆë¬´ ì˜ˆìœë°ìš”.ðŸ˜ƒ,1
ê¹”ë”í•œ í‹°ì…”ì¸ ì— í•ê¹Œì§€ðŸ˜ðŸ˜ ì—¬ë¦„íœ´ê°€ ìž˜ ë³´ë‚´ì…¨ë‚˜ìš”ðŸ’™,1
ì—­ì‹œ í°ì²­ì—” íŒŒëž‘í¬ì¸íŠ¸ ðŸ’™,1
í°í‹°ì— ë°ë‹˜ ë„ˆë¬´ ì‹œì›í•´ë³´ì´ê³  ê¹”ê¼¼í•œê±¸ìš”!!ðŸ¤ðŸ©µ,1
ì•— í”„ë¦°íŒ… ì™œì´ë ‡ê²Œ ê·€ì—¬ìš´ê±°ì£ ðŸ¥¹,1
êº„ì•™âœ¨ðŸ«§ ðŸ¥¹ìš”ëŸ° ê¹”ë”í•œ í¬ì¸íŠ¸ìžˆëŠ” í°í‹° ë„˜ ì¡°ì•„ìš©ðŸ«§ ížŒí‹°ì— ì²­ë°”ì§€ ì²´ê³ âœ¨ðŸ«§,1
ë³¼ìº¡ ë„ˆë¬´ ìž˜ì–´ìš¸ë¦¬ì‹ ëŒœ..,1
ðŸ«§,1
ì˜¤ë”” ê°€ì‹œëŠ” ê¸¸ì¸ê°€ìš” í•˜ìš¸ë‹˜ !?? ì´ ì„¸ìƒ íž™ì´ ì•„ë‹Œë° ë§ì´ì£  íí£ ðŸ˜ŽðŸ‘ðŸ”¥ðŸ”¥ðŸ”¥,1
ì‹œí¬í•œ í•˜ìš°ë¥´ðŸ”¥ì €ì„¸ìƒ íž™,1
ëª¨ì•¼ëª¨ì•¼ ã… ã… ã…  ì½”ë”” ã… ã…œã…œ ë„˜ íž™í•˜ìžë‚˜ìš” ã… ã… ã… ã… ,1
ì™„ì „ íž™í•œë°ìš”ðŸ˜ðŸ˜ðŸ˜,1
ëˆ„ë‚˜ ë¨¸ì©Œ..,1
ðŸ”¥ðŸ”¥ðŸ”¥ðŸ”¥ì™€ ì½”ë”” íž™í•´,1
ë¬´ë¦Ž ë¹¼ê¼¼ðŸ¤“,1
ì½”ë”” ì»¬ëŸ¬ ì¡°í•© ì´ì˜ë„¤ìš”! í‹°ì…”ì¸  í¬ì¸íŠ¸ ë”±ì´ë„¤ìš© ðŸ”¥,1
ë”¥ê·¸ë¦° ì¹¼ë¼ ì´ë»ìš” í† ìš”íŒ…ìš”^^,1
ê·¸ë¦°í‹°ì…”ì¸  ë„˜ ìž˜ì–´ìš¸ë¦¬ì„¸ìš”!!ðŸ˜ðŸ‘ðŸ»ðŸ‘ðŸ»,1
ìš°ì˜¤ ìŠ¤í¬í‹°í•˜ê³  ìƒ‰ê°ê¹Œì§€ðŸ‘ðŸ»ðŸ’š,1
í‹°ì…”ì¸  ì˜ˆë»ìš” ë¡¤ì—… í¬ì¸íŠ¸ë„ ì¢‹ë„¤ìš”ðŸ˜,1
ìš°ì˜¤ì•„ì•„ ì§„ì§œ ì € í‘œì • ì–´ìº ìž˜ ì§€ìœ¼ì‹œëŠ”ê±°ì§€ ì¡¸ê·€ì—¬ã… ã… ã… ã…  ê²Œë‹¤ê°€ ì´ˆë¡ìƒ‰ ì§± ìž˜ ë°›ì•„,1
ëŸ¬ë¸”ë¦¬~~~~~~~~~~~~~~~ðŸ¥°ðŸ˜ðŸ¤©ðŸ¥°ðŸ¥°ðŸ˜ðŸ¤©ðŸ¥°ðŸ¤©,1
ì½”ë””ì´ë»ìš” ðŸ‘ðŸ”¥,1
ì•„ðŸ’ší‹°ë„ ì´ì˜ê³  ë„ˆë¬´ ê¹œì°í•˜ì…”ìš©ðŸ¥¹ðŸ€,1
ì™€.ìƒ‰ê° ì¨í•˜ì§€ì•Šê³  ë„˜ì˜ˆë¿Œë‹¤ ã…œã…œ ë¡¤ì—…ì„¼ìŠ¤ ê¹Œì§€ ì™„ì „ ì´ì˜ê²Œ ìž˜ìž…ìœ¼ì…¨ìž–ì•„ìš”ðŸ‘ðŸ‘ðŸ‘,1
ë„ˆë¬´ ì˜ˆìœë°ìš”?! í°íŠ¸ë©° ìƒ‰ê°ì´ë©° ì™„ì „ ì·¨ì €ðŸ’š,1
í‹°ì…”ì¸  ê·¸ë¦° ì˜ˆì˜ë„¤ìš”!,1
ê·¸ë¦° ìƒ‰ê°ì´ ì´ì˜ë„¤ìš” ðŸ€,1
ì´ì˜ìš”~,1
ë‚˜ëž‘ ì»¤í”Œë°”ì§€ë‹¤,1
ðŸ¤,1
í•˜ëŠ˜ ì§€ë¦¬ë„¤,1
ðŸ”¥,1
ì˜¨ë‹ˆ ì ì  ë” íž™í•´ì§„ë‹¤ì•„ðŸ’šðŸ’šâœ¨âœ¨ ì™¤ì¼€ ì´ë½€ í¬ ë‰´ì§„ìŠ¤ ì €ë¦¬ê°€ì•¼ ì´ê±°ë¼êµ¬~!~!,1
ìš”ëŸ° íž™í•œë£© ë„ˆë¬´ ì°°ë–¡ì´ì„¸ìš”â¤ï¸,1
ë°•ì‹œí•ë„ ë„˜ë‚˜ ìž˜ ì–´ìš¸ë¦¬ì‹œêµ¬ìš©ðŸ–¤,1
íž™í•œ ì—¬ë‹ˆë‹˜ ë¬´ë“œë„ ë„ˆë¬´ ì¢‹íƒ€ðŸ¤ðŸ–¤ ë¶ˆê¸ˆ ë³´ë‚´ì…”ì˜ðŸ™Œ,1
íž™í•˜ë©´ì„œ ê¾¸ì•ˆê¾¸ëŠë‚Œ ë„˜ ë´ì•„íš¨â˜ºï¸ðŸ¤ðŸ«¶ðŸ»,1
ì˜¤ ë„ˆë¬´ ê¹”ë”í•˜ê³  ì˜ˆìœ í‹°ì…”ì¸ ë„¤ìš”ðŸ”¥,1
ë°•ì‹œí•œ í•ë„ ì„¸ìƒ ì˜ˆì˜ê²Œ ì†Œí™”í•˜ì‹œë„¤ìš©! ðŸ¤ðŸ–¤,1
ì—¬ë‹ˆë‹˜ Tì˜ˆì—¬ ?!! í”„ë¦¬í‹°âœ¨ðŸ¤­,1
ìš”ì¦˜ ë‚¨ìžêº¼ê°€ ë” ì´ë»ë³´ìž„ã…‹ã…‹,1
ë°•ì‹œí•œê²ƒë‘ ì°°ë–¡ì“°â¤ï¸,1
íž™í•˜ë„¤ì—¬ ì¦ë§ðŸ˜®,1
ìš¸ì–¸ë‹ˆ ë„˜ ë¥ê²Œë”°ì•„ ðŸ¥ºðŸ¤ ë‚˜ë„ ìš”ì¦˜ì€ íŽ¸í•œí…œì´ ì§„ë¦¬ì•¼ ã…‹ã…‹ã…‹ ë”ì›Œì„œ ê¾¸ë¯¸ëŠ”ê²ƒë„ ëª¬í•´....ðŸ¥µðŸ¤,1
ì—¬ë‹ˆë‹˜ ì•ˆì–´ìš¸ë¦¬ëŠ”ê²Œ ì—†ë‹¤ìš”ðŸ«¢ðŸ–¤,1
êº„ ë°•ì‹œí• ì§„ì§œ ë„˜ ì˜ˆë¿Œë‹¤ì•„ðŸ¤ íŽ¸í•˜ê¸°ë¡œ ì •ë§ ìµœê³ !!,1
í”„ë¦°íŒ… ë„˜ ë§˜ì— ë“¤ì–´ìš”ðŸ¤ðŸ¤ðŸ¤ ë°•ì‹œí•œ í•ë„ ë„ˆë¯€ ìž˜ì–´ìš¸ë¦¬ì…”ðŸ˜ðŸ«¶,1
ì•ˆë…•í•˜ì„¸ìš”! ìŠ¤íŠœë””ì˜¤ êµ¬ê²½í•œë²ˆ í•˜ì„¸ìš”ðŸ˜†,1
íƒë‚˜ìœµðŸ…,1
ë°”ë‹¤ ì–¸ì œê°”ì–´ ë‚˜ëž‘ê°€ì•¼ìž,1
ë„ˆë¬´ì´ì˜ë‹¤ ì§„ì§œ...â¤ï¸,1
í°í‹°ì— ì²­ë°”ì§€ ë¯¸ì³¤ì§€ ~ðŸ¤¦ðŸ»â€â™€ï¸ðŸ©·,1
ì´ ì˜·ì„ ì‚¬ê³  ì·¨ì§ì— ì„±ê³µí–ˆìŠµë‹ˆë‹¤ ê°ì‚¬í•©ë‹ˆë‹¤,1
ðŸ‘…,1
í‹°ì…”ì¸  í¬ì¸íŠ¸ë¡œ ë”±ì´ë„¤ìš”ðŸ˜®,1
DM í•œë²ˆ í™•ì¸ë¶€íƒë“œë¦½ë‹ˆë‹¤â€¼ï¸,1
êµê´‘,1
ðŸ”¥,1
ì •ìƒì ì¸ ì‚¬ì§„ ë³´ê¸° ì‰½ì§€ì•Šë„¤,0
ëˆˆ ëœ¬ê±°ê°€,1
ã…‹ã…‹ã…‹ã…‹ã…‹ã…‹ã…‹ã…‹ ìš•ë‚˜ì˜¤ë„¤,0
ðŸ”«,1
ìš°ì•„ ì‚¬ëžŒì´ë‹¤,1
í¬í ë„ˆë¬´ íž™í•˜ìž”í•­ìš”!! íŒ¬ì¸ ë„ ë„ˆë¬´ ìœ ë‹ˆí¬í•˜ê³  ë ˆë“œë³¼ìº¡ìœ¼ë¡œ ìƒ‰ê°í¬ì´íŠ¸ê¹Œì§€ ì£¼ì…”ì„œ ë„ˆë¬´ ë©‹ìžˆë‹¤êµ¬ìš”ðŸ”¥,1
ì—‡! ë°”ì§€ ë„˜ ì˜ˆìœë°ìš”ðŸ”¥ðŸ”¥,1
íƒ€ì´ë‹¤ì´ í¬ì¸íŠ¸ ìµœê³ ë‹·ðŸ”¥,1
ðŸ”¥ðŸ”¥ðŸ”¥,1
ì˜¤ ë°”ì§€ ê·€ì—½ë…¸....,1
ì½”ë””ëŒ€ë°•ðŸ”¥ðŸ”¥,1
"ë°˜ê°‘ìŠµë‹ˆë‹¤~ðŸ˜ŠðŸ˜Š ë¶€ì‚°, ëŒ€êµ¬, ì„œìš¸, ì œì£¼ì†Œì‹ì„ ì „í•˜ëŠ” ëŒ€êµ¬ì •ë³´í†µ,ëŒ€êµ¬ëª¨ë“ ê³³ íŽ˜ì´ì§€ìž…ë‹ˆë‹¤. [ ë¬¼ë¹„ëŠ˜ ì¹´íŽ˜ ]ì»¨í…ì¸  ì œìž‘ì¤‘ì¸ë° í•´ë‹¹ì‚¬ì§„ ì¶œì²˜ë‚¨ê¸°ê³  ê³µìœ ê°€ëŠ¥í• ê¹Œìš”? ëŒ“ê¸€ì´ë‚˜ ì–´ë ¤ìš°ì‹œë©´ ì¢‹ì•„ìš” ëˆŒëŸ¬ì£¼ì…”ë„ ê´œì°®ìŠµë‹ˆë‹¤. ì˜¤ëŠ˜ë„ ì¢‹ì€í•˜ë£¨ ë˜ì„¸ìš” :) ðŸ’›",1
ì˜¤ í‹° ì´ë¿Œë‹¹!!ðŸ˜,1
í• ì™„ì „ ì œì·¨í–¥ðŸ˜ðŸ˜ðŸ’šìµœê·¼í”¼ë“œ ëŒ“ê¸€ë§‰ìœ¼ì‹ ê±° ë°˜ì¹™ìž…ë‹ˆë‹¹ðŸ¤­ðŸ«¶ðŸ»,1
í——ã…“ã„¹ ìž ë§Œ ì´ˆë¡ìƒ‰ ì™¤ìº ì°°ë–¡ì´ì•¼ã… ã… ã…  ê·¸ë¦¬ê³  ì›ƒëŠ”ê±° ì™¤ìº ê·€ì—¬ìš´ê±´ë°!!!,1
ì´ì œ ì˜¤ë²„í•í‹°ì…”ì¸ ëŠ” ì œ ëª¸ì˜ ì¼ë¶€ê°€ ëœê¸°ë¶„ì´ì—ì—¬...ðŸ˜‚ðŸ˜‚ã…‹ã…‹ ë”¥ê·¸ë¦°ë„ ë„˜ë‚˜ ì´ì˜ê³  ì „ ì£¼ë§ì— í”¼ë°© ë°ì´íŠ¸ í–‡ë‹µë‹ˆë‹¤ ã…Žã…Ž ì™€ì´í”„ ë¡¤ ìž…ë¬¸ì‹œì¼¯ì–´ì—¬ ã…Žã…Žã…Ž,1
ê¾¸ì•ˆê¾¸ ì¸ë“¯ ì•„ë‹Œë“¯ ë‹¤í¬ê·¸ë¦°ìœ¼ë¡œ ì˜ˆìœ ì½”ë””ë„¤ìš”ðŸŒ²ë‚˜ë¬´ë‚˜ë¬´ í•˜ì‹­ë¯¸ë‹¤ ã…Žã…Ž,1
ì´ˆë¡ê³¼ ë¸”ëž™ ì¡°í•©ì´ðŸ–¤,1
ì˜¤ë²„í• ì—„ì²­ ë§›ìžˆì–´ìš”ã… ã… ã… ë…¹ìƒ‰ì´ë¼ì„œ ê·¸ëŸ°ì§€ ìžì—° ë°°ê²½ì´ëž‘ë„ ë„ˆë¬´ ìž˜ì–´ìš¸ë¦¬ê³ ê·¸ë¦°ìƒ‰ ì™œì´ë ‡ê²Œ ìž˜ ë°›ìœ¼ì‹œëŠ”ê±°ì£ !,1
ì•— ì–‘ì´ë‹˜ ê·¸ë¦°ìƒ‰ë„ ë„˜ ì°°ë–¡ì´ì…”!  ì—¬ë¦„ ì•„ê¸°ë‚˜ë¬´ ê°™ì€ ëŠë‚Œ ðŸ™ŒðŸ™Œ ì €ë„ ì£¼ë§ ì•Œì°¨ê²Œ ë³´ëƒˆìŠµë‹ˆë‹¤!,1
ë”¥ê·¸ë¦°ë„ ìƒ‰ê° ë„˜ ì˜ˆë»ìš”!!ðŸ˜† ì½”ë”” ê·€ì—¬ì›Œìš”!!ðŸ™ðŸ» ì €ëŠ” ì†Œê³ ê¸°ë¨¹ê³  ìž¥ì–´ë¨¹ê³¸ã…‹ã…‹ã…‹ã…‹ ë¨¹ë°© ì°ì—ˆë„¤ìš” ã…‹ã…‹ðŸ˜‚,1
ì˜¤ ì´ˆë¡ ë°°ê²½ê³¼ ì´¤ë¥´ë¥´ ì–´ìš°ëŸ¬ì§€ëŠ” í‹°ì…”ì¸  ìƒ‰ê° ì¡´ì˜ˆë¡­ìŠµë‹ˆë‹¤ ðŸ’šðŸ’š ì™€ì´ë“œí•œ ì‹¤ë£¨ì—£ì˜ ìŠ¤ì»¤íŠ¸ì™€ ìŠ¤ë‹ˆì»¤ì¦ˆ ë¸”ëž™ ì¡°í•©í•´ì£¼ì‹  ì„¼ìŠ¤ë„ ìµœê³ ì‹ ë°ìš” ðŸ–¤ðŸ–¤ðŸ‘,1
ê·¸ë¦° ì½”ë”” ì´ì˜ì‹­ë‹ˆë‹¤,1
ì´ ê·€ì–Œë‘¥ì¸ëª¨ì§€ì´ì´ðŸ’š,1
ë¯¸ì†Œê°€ ë„ˆë¬´ ì¢‹ìœ¼ì‹­ë‹ˆë‹¤ ðŸ”¥ðŸ”¥,1
ê·¸ë¦° ìƒ‰ê° ë„˜ ì´ë¿Œë„¤ìš”ðŸ˜†,1
ë§ˆì§€ë§‰ ì›ƒìŒ ë„ˆë¬´ ì¹˜ëª…ì ì´ê²Œ ì´ë¿Œë‹¤...â˜ºï¸ðŸ’,1
ë„˜ ìƒì½¤í•˜ê³  ê·€ì—¬ìš°ì„¸ìš”!!,1
ì§„ì§œ ê·€ì—½ê³ .. ì§„ì§œ ì´ì˜ë‹¤ í´ë¼ë‹˜ âœ§Ù©(ËŠÏ‰Ë‹*)Ùˆâœ§,1
ìš”ëŸ° íŽ¸ì•ˆí•œ ë¬´ë“œ@ë„ˆë¬´ ì°°ë–¡ì´ì…”â¤ï¸,1
ì˜¬ê²€í¬ìŠ¤ëŠ” ì‚¬ëž‘ì´ì£ ðŸ˜,1
ë¸”ë¡ì½”ì–´ë£©ë„ ì°°ë–¡ í´ë¼..ðŸ«§ðŸ¥¹ ë„˜ ë¡€ë»..,1
ì™€ ë„˜ ìž˜ì–´ìš¸ë ¤ìš© í›”ì¹˜ëŸ¬ ê°‘ë‹ˆë‹¤,1
ë©‹ì ¸ìœµ,1
í•˜íŠ¸í¬ì¸íŠ¸ê°€ ìš”ì¦˜ ë„˜ ì¢‹ë”ë¼êµ¬ìš”!!,1
ë¸”ëž™í‹°ì…”ì¸  í”„ë¦°íŒ… ë„˜ ì´ì˜ê³  ëª¨ìžëž‘ë„ ìž˜ì–´ìš¸ë¦¬ì‹œë„¤ìš”!ðŸ‘ðŸ˜,1
ë²„í‚·í–‡ ë¬´ë“œ ë„˜ë‚˜ì¢‹ì€ë°ìœ ðŸ˜†!!!!,1
í‹°ìƒ¤ìŠ¤ ê·¸ëž˜í”½ ë„ˆë¬´ ì˜ˆìœë°ìš”?!?ðŸ˜,1
ðŸ”¥,1
ì—‡...ë²„í‚·í–‡ì´...ì´ì•¼...ì—¬ë¦„ ì†Œí’ˆìœ¼ë¡œ ë”± ì¢‹ì€ ëŠë‚Œì¸ë°ìš”.,1
ëª¨ìž ë„ˆë¬´ ìž˜ ì–´ìš¸ë¦¬ì„¸ìš”ðŸ”¥,1
ì˜¤ê°€í”„ ê·¸ëž˜í”½ ë„ˆë¬´ ì¢‹ë„¤ìš”ðŸ”¥,1
ì‚¬ëž‘ì€ ì†ë°•?ðŸ‘€â¤ï¸,1
ìƒì˜ëž‘ ëª¨ìž ì¡°í•© êµ¿êµ¿ðŸ‘ðŸ‘,1
ì˜¤ëŠ˜ë¬´ë“œ ìž¥ë‚œì•„ë‹Œë°ìš”ðŸ”¥,1
ì‚¬ì§„ ë¬´ë“œ ë„ˆë¬´ ì¢‹ë„¤ìš”!â˜ºï¸,1
ì›”ìš”íŒ…ìž…ë‹ˆë‹¤ðŸ˜‚,1
ë£© ë„ˆë¬´ ë§¤ë ¥ìžˆë„¤ìš”~!âœ¨âœ¨,1
ìƒ‰ê° ë¯¸ì³¤ëŠ”ë°ìš”ðŸ©·ðŸ©· íŒ¬ì¸ ëž‘ ì˜ìžëž‘ ë°°ê²½ì´ëž‘ ë„ˆë¬´ ì‚¬ëž‘ìž…ë‹ˆë‹¤ðŸ˜,1
í¬ í€€ë„ê°€ í•‘í¬ëž‘ ì´ë ‡ê²Œ ìž˜ ë¶™ëŠ”êµ°ìš”ðŸ˜,1
ì½”ë”” ë„ˆë¬´ ì´ì˜ë„¤ìš”ðŸ˜®,1
ì–´ìš°~ í•‘í¬ íŒ¬ì¸  ì €ë„ ì°¸ ì¢‹ì•„í•©ë‹ˆë‹¤,1
ì‰½ì§€ì•Šì€ í•‘í¬ìƒ‰ ë°”ì§€ì¸ë° ë„ˆë¬´ ì½”ë”” ì´ì˜ê²Œ í•˜ì…–ë‹¤!!ðŸ˜ðŸ˜,1
ì—­ì‹œ ë‚¨ìžëŠ” í•‘í¬ðŸ˜,1
ì½”ë”” ìƒ‰ê° ë„ˆë¬´ ì˜ˆë»ìš”!!ðŸ‘ðŸ»ðŸ˜ƒ,1
ìƒ‰ê° ë„˜ ìž˜ì–´ìš¸ë ¤Oã…• ðŸ˜,1
í¬ì¸íŠ¸ì£¼ê¸° ì¢‹ì•„ë³´ì´ëŠ” ë°˜íŒ”ì´ë„¤ìš”ðŸ‘,1
í¬ ì»¬ëŸ¬ê° ëŒ€ë°•ðŸ‘ðŸ‘ðŸ‘,1
í•‘í¬íŒ¬ì¸  ë„˜ ìƒ‰ê° ì´ìœë°ìš”ðŸ’—,1
ì—­ì‹œ ì¡´ìž˜ì€ í•‘í¬ë¥¼ ìž…ì£ .,1
ë°”ì§€ ìƒ‰ê¹” ë„ˆë¬´ ì´ì©ë‹ˆë‹¤ðŸ˜ðŸ”¥ðŸ”¥ðŸ‘,1
ì•„ì´í…œ í•˜ë‚˜í•˜ë‚˜ ë„ˆë¬´ íƒë‚˜ëŠ”ê±¸ìš”ðŸ”¥ðŸ˜®,1
â¤ï¸ðŸ˜â¤ï¸,1
ðŸ”¥,1
ì •ë§ íƒë‚˜ìš”,1
ì˜¤ ë‚˜ ì´ê±° ì‚¬ì•¼ê²Ÿë‹¤,1
í•ì´ ì—¬ë¦¬ì—¬ë¦¬í•œê²Œ ë„˜ ì´ìœë°ìš”!!! ì±„ì´ë‹˜ ì´ì œ ëž©ì‹¤ ë“¤ì–´ê°€ì‹œëŠ”êµ°ìš” ã… ã… ã… ã… ã…  ìž˜ ì´ê²¨ë‚´ì‹œê¸¸ ðŸ”¥ðŸ”¥ðŸ”¥,1
ê¹”ë”í•˜ë©´ì„œë„ ë„ˆë¬´ ì´ìœ ë£©ì´ë„¤ìš”ðŸ”¥,1
ê¹”ë”í•œ ë£©ì´ë„¤ìš”!ðŸ˜†,1
ì½”ë”” ì™„ì „ ì²­ìˆœí•˜ê³  ì´ë»ìš”ðŸ‘,1
ì½”ë”” ë„ˆë¬´ ì²­ìˆœí•˜ê²Œ ì˜ˆì˜ë„¤!! ìž˜ì–´ìš¸ë¦¬ëŠ”ê±° í˜‘ì°¬ ìž˜ ë°›ì•˜ë‹¹ðŸ™‚âœ¨ï¸âœ¨ï¸,1
ë™ëª…ë™ì´ ëª…ë™ìª½ì¸ê°€ì—¬?!ðŸ˜®,1
ì™€ìš°ì™€ìš°ì™€ìš° ì½”ë”” ë„ˆë¬´ ì¢‹ì€ë°ìš”ðŸ”¥ðŸ”¥ðŸ”¥,1
ê¹”ë”í•˜ë©´ì„œ ë„ˆë¬´ ì˜ˆìœë° ë¬´ì±„ìƒ‰ ë¶„ìœ„ê¸°ê¹Œì§€ ì œëŒ€ë¡œ ì±™ê¸°ì…¨ë„¤ìš”ðŸ¤,1
ðŸ‘ðŸ‘ðŸ‘ðŸ‘,1
ì½”ë”” ì²­ìˆœí•˜ì‹œë„¤ìš” ðŸ”¥ðŸ”¥ðŸ”¥ðŸ˜®,1
ì²­ìˆœ ì—¬ì‹ â€¦ðŸ¥ºðŸ¥ºðŸ¥º,1
â¤ï¸,1
ðŸ”¥,1
#ìš´ë™ì†Œí†µ #ìš´ë™ì†Œí†µë§žíŒ” #í—¬ì°½ë£© #í—¬ì°½ì½”ë””,1
ðŸ”¥,1
ðŸ™Œ,1
ì•„ì´ìž˜ë¨¹ì–´ ì˜ˆìœí•˜ì€ì´ðŸ’™,1
ìŠ¤íƒˆ ë„˜ ì·¨ì €ì—ìš©ðŸ˜,1
ë„˜ì˜ˆë¿Œêµ¬ìš©ðŸ”¥ðŸ”¥,1
ðŸ’™,1
ë„ˆë¬´ì´ë»ìš” ðŸ˜ðŸ˜,1
ì‹ ë°œ ëª¨ë¸ëª… ì¢€ ì•Œìˆ˜ìžˆì„ê¹Œìš”?ðŸ˜,1
í˜¹ì‰¬ ê°€ë””ê±´ ì‚¬ì´ì¦ˆê°€ ì–´ë–»ê²Œë˜ì„¸ì—¬~~~??,1
í‚¤ëž‘ ëª¸ë¬´ê²Œ ì—¬ì­¤ë´ë„ ë ê¹Œìš”??,1
"ëˆ„êµ¬ë¼ë„ ì–´ìš¸ë¦¬ëŠ” ì½”ë”” : ë„“ì€ ì–´ê¹¨, ê¸´ ë‹¤ë¦¬",1
ê¹”ë” ëíŒì™• ì‡¼í•‘ëª°ì€ ì—¬ê¸°ì„œðŸ”¥,1
ì•„! ì–´ê¹¨ìš´ë™ í•˜ë¼ëŠ” ê±°êµ¬ë‚˜?! ê°ì‚¬í•©ë‹ˆë‹¤..ì§‘ê·¼ì²˜ í—¬ìŠ¤ìž¥ ë“±ë¡í• ê»˜ìš”,1
ðŸ˜ðŸ˜ðŸ˜,1
ë‚¨ì¹œë£©ðŸ™‚,1
ì˜¤ ì´ë ‡ê²Œë§Œ ìž…ìœ¼ë©´ ì¡´ì˜ˆë¡œìš¸ë“¯,1
ì´ê²Œ ì° ê¸°ë³¸,1
ì´ë ‡ê²Œ ìž…ã…‡ã…ˆ,1
ì—¬ê¸°ìžˆëŠ”ê±° í•˜ë‚˜ì”© ë‹¤ì‚¬ì…”ìš”,1
ì•„ë””ë‹¤ìŠ¤ ì €ê±° ì‚¬ì•¼í•˜ë‚˜ã…Ž,1
ì°¸ê³ í–‰!,1
ë©‹ì´ã…£ã……ì‘ë°?,1
ì°¸ê³ !,1
ì˜¤ë¹  ìž…ìœ¼ë©´ ì˜ˆë¿Œê²Ÿë‹¤,1
í•œì˜ ì™€ì´ë“œ ìŠ¬ë ‰ìŠ¤ë„ ìž˜ì–´ìš¸ë¦´ê±° ê°˜ì€ëŽ¨,1
ê±°ì§“ë§ì´ë¼ê³  í•´ì£¼ì„¸ìš”....ðŸ˜‚ðŸ˜‚,1
ì‹ ë°œ ê¶ê¸ˆí•´ìš”ðŸ˜®ðŸ˜®ðŸ˜®ðŸ˜®,1
ë°”ì§€ëŠ” ì–¸ì œ ì—…ë°ì´íŠ¸ê°€ ë ê¹Œìš” ë„˜ë‚˜ ê¸°ë‹¤ë¦¬ê³  ìžˆìŠµë‹ˆë‹¤ðŸ˜¢ðŸ˜¢,1
í•˜ì•„ ë„ˆë¬´ ë¹ ë¥¸ ì‹œê°„ ..,1
ì‹ ë°œì •ë³´ì¢€ ì•Œìˆ˜ìž‡ì„ê¹Œìš”????,1
ðŸ’™,1
ì½”ë”” ëŒ• ì˜ˆë»ìš”,1
"ì‹œí¬í•˜ë©´ì„œ ì„¹ì‹œí•´,,,",1
ì„¸ìƒì—... ë„ˆë¬´ ë¯“ì° ìž¬ì›ë‹˜ ì™¸ëª¨ì— ëˆˆì´ ë©€ ì§€ê²½ì´ì—ìš”ðŸ™ˆðŸ”¥ðŸ”¥ ëŒ€í•™ë¡œ ê°€ë©´ ìž¬ì›ë‹˜ ì‹¤ë¬¼ ì˜ì ‘ ê°€ëŠ¥í•œê°€ìš”...? ì¬êµ¬ë¦¬ ë¼ê³  ê°ˆê²Œìš”ðŸ˜Žâœ¨,1
ë¹„ìœ¨ì´ ë‹¤í–ˆë„¤ì—¬ðŸ”¥,1
â¤ï¸ì‚¬ëž‘í•´,1
ðŸ–¤,1
ê·€ê°€ ì˜ˆì˜ì‹œêµ°ìš”,1
ë§ëžë‹¤ê³  ìžëž‘í•˜ë„¤,1
ìŠ¬ë¦¼í•ë„ ìž˜ ì–´ìš¸ë¦¬ë„¤ìš©,1
ì„¹ì‹€ë¥¼ ìž…ìœ¼ì…”ë”°..ðŸ‘ðŸ˜³,1
ì–´í—ˆ ì£¼ë¨¸ë‹ˆ ì† ë¹¼,1
ã…‹,1
ì™¸ê²½ì˜ ìžëž‘.,1
ìƒë¡œëž‘ ìž…ìž,1
ì•„ë‹ˆ ì–œ ê²¨ìš¸ì—” ë°˜íŒ” ì˜¬ë¦¬ê³  ì—¬ë¦„ì— ê¸´íŒ” ì˜¬ë¦¬ë„¤..,1
ðŸ˜â™¡ðŸŒºðŸ‘€ðŸŒ¹âœŒï¸ðŸ™Œ,1
LindÃ­ssima,1
ë§ˆìŠ¤í¬ ì“°ì…”ë„ ì´ì˜ì‹œë„¤ìš”~ :) ðŸ˜ðŸ‘,1
ê²€ì • ë°”ì§€ ì—…ë°ì´íŠ¸ ë˜ì–´ìžˆë‚˜ìš”?!ðŸ¥ºâ¤ï¸,1
ðŸ˜„ðŸ¤©ðŸ‘ðŸ‘,1
ðŸ˜ðŸ˜ðŸ˜ðŸ˜,1
You look so beautiful and amazing in every way ðŸ˜â¤,1
â¤ï¸â¤ï¸â¤ï¸,1
ðŸ”¥ðŸ”¥ðŸ”¥ðŸ”¥ðŸ”¥ðŸ”¥ðŸ”¥,1
ì—¬ì­¤ë³¼ê²Œ ìžˆëŠ”ë° DMí•œë²ˆ ì£¼ì‹œê² ì–´ìš”?ðŸ’“,1
â¤ï¸â¤ï¸â¤ï¸,1
ðŸ« ,1
ðŸ›,1
ðŸ˜,1
í•œì†Œí¬..?,1
ðŸŒ»,1
ì•ˆë‡½í•˜ì„¸ìš”~ ë°”ì§€ ìŠ¬ë¦¬ìƒì§€ì¼ê¹Œìš”??,1
ê°€ë°© ë„ˆë¬´ ì´ì˜ë„¤ìš” í˜¹ì‹œ ì‚¬ì´ì¦ˆëž‘ êµ¬ë§¤ì²˜ ì•Œ ìˆ˜ ìžˆì„ê¹Œìš”? ë§í¬ëŠ” ê¸€ë¡œë²Œ ì‚¬ì´íŠ¸ ê°™ì•„ì„œìš”,1
ðŸ’™,1
âž°ï¸,1
ë‚´ê°€ ì¢‹ì•„í•˜ëŠ” ë…¸ëž˜ë‹¤ ðŸ˜½,1
ðŸ‚,1
ì—¬ë¦„ì¸ë°ë„ ì •ë§ë¡œ ì‹œì›í•˜ê²Œ ëŠê»´ì§€ëŠ” ë°”ë‹·ê°€ë„¤ìš”.....í¬ì¦ˆë„ ë„˜ ì¢‹ìŠµë‹ˆë‹¤ã…Žã…Ž â™¥,1
ëª¸ë§¤ ë¬´ì—‡......?ðŸ¤Ž,1
ì˜¤ ì•žë¨¸ë¦¬ê°€ ìƒê²¼ë„¤ìš”?ðŸ™Š,1
ì™€ì¸ìƒ‰ì´ìš”â¤ï¸,1
í°ê²€ ìž…ë‹ˆë‹¤ ðŸ‘ðŸ‘ðŸ‘ðŸ‘,1
ì˜¤ëª¨ì˜¤ëª¨ë¶ˆëž™â™¡â™¡â™¡â™¥ï¸Žâ™¡,1
ë¸”ëž™ì´ìš”ðŸ’™ðŸ’™ðŸ’™,1
ê²€ì •ì´ìš”ðŸ˜ê¾¸ì•ˆê¾¸ ëŠë‚Œ ì¢‹ì•„ìš”ã…Ž,1
ê²€ì •ì´ìš”ðŸ˜ê¾¸ì•ˆê¾¸ ëŠë‚Œ ì¢‹ì•„ìš”ã…Ž,1
ë¸”ëž™ì´ìš˜â™¡,1
ê²€ì • .. ðŸ«¢ðŸ–¤ ë„ˆë¬´ ê·€ì—¬ì›Œìš© ã…œã…œ ìŠ¤ì»¤íŠ¸ì— ê°™ì´ ìž…ìœ¼ë©´ ë„ˆë¬´ ê·€ì—¬ìš¸ê±° ê°™ì€...ðŸ–¤ ê°€ì„ë£© ì™„ì„±! ðŸ¿ðŸ–¤  @161.105h,1
ê²€ì • ðŸ™Œ ê·€ì—¬ì›Œìš”â¤ï¸,1
ê²€ì •ìƒ‰ì´ìš”ðŸŒž  @danelv90 @ijk_iii @redc.onge,1
ë‚ ì”¬í•´ ë³´ì´ëŠ” í• ë„ˆë¬´ ì¢‹ì•„ìš”ðŸ«¶ë¸”ëž™í™”ì´íŠ¸ ðŸ¤ðŸ–¤ðŸ¤ðŸ–¤  @somk0515,1
í°ê²€â¤ï¸â¤ï¸â¤ï¸â¤ï¸,1
ì „ ì™€ì¸ì»¬ëŸ¬ìš”~ðŸ˜ë‚ ì”¬í•´ ë³´ì¼ê²ƒ ê°™ì•„ìš”~ðŸ˜‚ðŸ«°â¤ï¸ @dkthd11,1
ë¸”ëž™ ðŸ–¤,1
ë¸Œë¼ìš´ì´ìš”~ ì´ë¯¸ ê°€ì„ì¤€ë¹„! íŒ”ë¡œìš° ì¢‹ì•„ìš” ê¾¹ê¾¹  ì°¸ì—¬í•©ë‹ˆë‹¤  @bodyholic_sierra @brothers_ju,1
ðŸ¤,1
ðŸ·,1
ë„˜ ì´ì­ˆì‹œë‹¤ðŸ˜,1
ì˜ˆë»ì—¬ì–´ì–´â¤ï¸â¤ï¸â¤ï¸,1
"ì™€ ì§€ì§œ ê°œì´ë¿Œë„¤ ,,,,,",1
â™¥,1
#ì„¹ì‹œí•¨ðŸ˜,1
â™¡,1
ë‚¨ë°©ì´ëž‘ë‹ˆíŠ¸ì¡°ë¼ë°‘ì—ìž…ì„ ì—ì´ì¹˜ë¼ì¸ìŠ¤ã…¡ì»¤íŠ¸ ì¶”ì²œìš”,1
â¤ï¸,1
â¤ï¸,1
ðŸ’Ÿ,1
ë’·íƒœë§Œ ë‚˜ì˜¨ ì‚¬ì§„ì— í¬ë¡­ê°€ì£½ìžì¼“ì€ ì–¸ì œ ì—…ëŽƒë˜ë‚˜ìš”?? ë„ˆë¬´ ì´ë»ìš”ã…œã…œ,1
ê·¸ë ˆì´ì‹œì†Œë¼ ì•ˆí’€ë¦¬ë‚˜ìš”??ã…œ,1
ì¹´ë¥´ì—ëž‘ ë‹¤ë¥¸ í•ì¸ê°€ìš”?,1
ê·¸ë ˆì´ ìž¬ì˜¤í”ˆ ì—†ì„ê¹Œìš”?ðŸ¥¹,1
ë‹¨ì¶”í‹°ì…”ì¸  ê·¸ë ˆì´ í’ˆì ˆë„ˆë¬´ë¹¨ë¦¬ëì–´ìš” ã… ,1
ðŸ«¶ðŸ»,1
ì¹´ê³  ë¶€ì¸ ì»· ê²€ì •ì€ ì–¸ì œ ì—…ëŽƒì¸ê°€ìš©?,1
Dm us on,1
DM on  ðŸ”¥ðŸš€,1
â™¥,1
â¤ï¸,1
ðŸ˜,1
Pretty af,1
ì—¬ì£¼ì¸ê³µ ìž¬ì§ˆ ðŸ˜,1
ì„ ê·¸ë¦¬ê°€ ì–´ì©œ ì´ë¦¬ ìž˜ ì–´ìš¸ë¦¬ë‚˜ìš”ðŸ˜,1
ì§„ì§œ ì˜í™” ì£¼ì¸ê³µì´ë‹¤ ðŸ¥ºðŸ©¶ðŸ–¤ðŸ–¤,1
ðŸ¥ºðŸ–¤,1
ì§€ì§€ ì…ì‹œí•´ðŸ«¶,1
ë‚´ê°€ ì†Œì†ì‚¬ì˜€ìŒ ë‹¹ìž¥ ê°€ì„œ ëª…í•¨ ì¤Œ.,1
ì™¸ì¿¡ì–¸ë‹ˆ í”¼ë“œì¸ì¤„ ì•Œì•„ì«˜ë‚˜ ë‚˜ .. ë„ˆë¬´ ì˜ˆë¿ŒëŒœ..ðŸ˜â¤ï¸,1
ê°€ì‹­ê±¸ ðŸ¤,1
NY city girlll â¤ï¸â€ðŸ”¥â¤ï¸â€ðŸ”¥,1
ã… ,1
Send Your PicðŸ‘‰,1
Wow ðŸ¤© send it on,1
DM iT  ðŸ‡ºðŸ‡¸4M+,1
ðŸŒ¿,1
ðŸ–¤,1
ðŸ·ï¸,1
ðŸ·,1
âœ¨,1
ì„¸íˆ¬ ë„˜ ì˜ˆë¿Œë‹¤ìš”ã… ã… ,1
ðŸ¤,1
:-),1
ì €ëŠ” ê°œì¸ì ìœ¼ë¡œ ë¸”ëž™ ìŠ¤íŠ¸ë¼ì´í”„ ë””ìžì¸ì´ ë§˜ì— ë“¤ì–´ì„œ ì†Œìž¥í–ˆì–´ìš” :),1
ðŸ¤,1
ðŸ¤ðŸ¤ðŸ¤ðŸ¤ðŸ¤,1
AHHHHH SO PRETTY,1
ì˜ˆì˜ë‹¹ ë‚´ê¼¬ ðŸ¤,1
Perfect morning view = ì§€ì›ì´ðŸ¥¹ðŸ¤ðŸ¤,1
ì´ ì í”„ìŠˆíŠ¸ ë„˜ ì˜ˆë½€ëŒœ ì–¸ëƒðŸ˜â¤ï¸â¤ï¸,1
í™”ì´íŠ¸ ì°°ë–¡ ðŸ¦¢ðŸ¤ðŸ¤,1
"ìµœê³ ë‹¤ ì§„ì§œ.,,ðŸ¥ºðŸ¤",1
ì•„ìš”ì˜ˆì˜ë„¤ðŸ§¡ðŸ§¡ðŸ§¡ðŸ§¡,1
Goddess ðŸ˜,1
ê³µì£¼ì•¼ðŸ˜®â¤ï¸,1
ë·°ê°€ ëˆˆì— ì•ˆë“¤ì–´ì™€ðŸ¥¹ðŸ¤ðŸ¤,1
êµ¬ê²½í•˜ê³  ê°€ìš”,1
ë””ì—  í™•ì¸ ë¶€íƒë“œë¦½ë‹ˆë‹¤~:)!!,1
Wow ðŸ¤© send it on,1
ðŸ˜,1
â¤ï¸â¤ï¸,1
â¤ï¸,1
ðŸ°,1
ë·”ìŠ¤í‹°ì— ë„˜ ê·€ì—¬ì›Œìš”â¤ï¸â¤ï¸,1
ìš°ì™• ë„˜ ê¸°ì—¬ì›Œìš”ðŸŽ€,1
ë¦¬ë³¸ ë””í…Œì¼ ì˜í©..ðŸ’,1
ì—­ì‹œ ë¦¬ë³¸ ë””í…Œì¼ ì˜ˆë¿Œë„¤ìš©ðŸ’•,1
ë¦¬ë³¸ ë””í…Œì¼ ë„˜ ì¢‹ë„¤ìš”ðŸ‘,1
ðŸŽ€,1
ì´ê±° ë„˜ ê·€ì—½ë”ë¼êµ¬ìš”ðŸ’—ðŸ’—,1
í—‰ ë„ˆë¬´ ê·€ì—¬ìš´ ë¦¬ë³¸ë‹ˆíŠ¸íƒ‘..ðŸ¤,1
ì•„ì´ë³´ë¦¬ ë¦¬ë³¸íƒ‘ íƒë‚˜ìš”â€¢â€¢â€¢ðŸ¤,1
ì˜¤ëª¨ë‚˜ ë„˜ ê·€ì—¬ìš´ ë‹ˆíŠ¸ íƒ‘â€¦ðŸŽ€ðŸ’–,1
ë„˜ë„˜ ê·€ì—¬ìš´ ë¦¬ë³¸ ë½€ì¸ëœ¨!!ðŸŽ€,1
í›„ê¸°ê°€ ë§Žë˜ë° ì €ë„ ì–¸ì œ ë³´ëŸ¬ê°ˆëž˜ì˜ðŸ™Œ,1
ì˜¤ë©” ìŒì‹ ì¡°ì‹¬.. ì—¬ë¦„ì´ë¼ ë” ê·¸ëž˜ìš”ðŸ˜¢,1
ë¹„ìœ¨ ë„ˆë¬´ ì˜ˆë»ìš© âœ¨ðŸ‘ðŸ»ðŸ‘ðŸ»,1
ì˜¬ë¸”ëž™ ë©‹ì§€ë„¤ìš” ðŸ”¥,1
ì˜í™” ë³´ëŸ¬ ê°€ì•¼ê² ì–´ìš”ðŸ˜†,1
ë¹„ìœ¨ ë¯¸ì³ë”°ðŸ©µðŸ¤,1
ë¹„ìœ¨ìµœê³ ðŸ¤©ðŸ¤©ðŸ¤©,1
ë”ì›Œì„œ ê·¸ëŸ´ìˆ˜ë„ ìžˆê² ì–´ìš”ðŸ˜®,0
Love it ðŸ–¤ DM,1
ðŸ«§,1
ì´ëŸ° ë‚´ìš© ë§Žì´ ì½ê³  ì‹¶ì–´ìš”~ ì„ íŒ”í–ˆì–´ìš”~,1
So so beautiful ðŸ˜ðŸ˜ðŸ˜ðŸ˜,1
Lucky date! You look beautiful,1
ë‚˜ì´ë²ˆì£¼ ë¶“ì‚°ê°€ëŠ”ë°ì—ã… ã… ã… â¤ï¸,1
ì§„ì§œ í•«í•˜ìžë‚­ðŸ¤­ðŸ«¶ðŸ»,1
â¤ï¸,1
ì›í”¼ìŠ¤ê°€ ë¹µë””í–ˆë„¤!!!!,1
Hello from Australia ðŸ”¥ðŸ”¥,1
ì™• ì™„ë²½ë¼ì¸ ðŸ‘ðŸ‘ðŸ‘,1
ì˜ˆë»ìš” ðŸ˜,1
"ë¹µë””,,â¤ï¸ë³´ê³ ì‹œí¼",1
ì´ˆëŒ€í•´ì£¼ìƒˆì˜¤.,1
so cute,1
ì´ë»ì£½ê²„ì–´ðŸ«¶ðŸ»ðŸ«¶ðŸ»,1
Too bad I don't live in Korea,1
#ìž…ê¸°ì¢‹ì•„ìš”ðŸ˜Ž,1
ðŸª§,1
í™”ì´íŠ¸ìŠ¤ì»¤íŠ¸ ì–´ë””ë“  ìž˜ ì–´ìš¸ë¦´ê±°ê°™ì•„ìš”ðŸ¤âœ¨ï¸,1
ì•¤ì»¤ë¨¼ ê°€ì„ ë¬´ë“œâ¤ï¸..,1
ìž˜ ì–´ìš¸ë¦¬ì„¸ìš”,1
ðŸ’™,1
"ì½”ë””ë„ ë„ˆë¬´ ì˜ˆì˜ê³ , ë¹„ìœ¨ë„ ë„ˆë¬´ ì¢‹ìœ¼ì„¸ìš”ðŸ‘ ì•ˆë…•í•˜ì„¸ìš”, ì‚¼ë‚¨ë§¤ë§˜ì´ì˜ˆìš”~ ðŸ˜ ì†Œí†µí•˜ê³  ì‹¶ì–´ ì„ íŒ”í–ˆì–´ìš” ~ ì†Œí†µí•˜ê³  ì§€ë‚´ìš”â¤ï¸",1
í•ì´ ì•„ì£¼ ê·¸ëƒ¥ðŸ«¢ðŸ‘ ë¹„ìœ¨ì´ ì™¤ì¼€ ì¢‹ìœ¼ì„¸ìš”ðŸ’›,1
ìš°ì™“ê¸°ëŸ­ì§€ê°€ ë„˜ë¶€ëŸ½ìŠµë‹ˆë‹¤ðŸ˜,1
ì˜¤~~~~ðŸ˜ðŸ˜ðŸ˜ ì•„ë¦„ë‹¤ì›€ í•œë„ì´ˆê³¼ìž…ë‹ˆë‹¤ ðŸ˜ðŸ˜ðŸ˜ë„ˆë¬´ë„ˆë¬´ ë©‹ì§€ë„¤ìš” ì•„ì›… ìµœê³ ì¤‘ì— ìµœê³ ìµœê³ ìž…ë‹ˆë‹¤ ðŸ‘ðŸ‘ðŸ‘ðŸ‘ðŸ‘ðŸ‘ðŸ¥°ðŸ¥°ðŸ¥°ðŸ˜ðŸ˜ðŸ˜ ìš¸ì´ìœë‹˜ ëŠ˜ ê±´ê°•í•˜ì‹œê³  í–‰ë³µí•˜ì„¸ìš© ðŸ¥°ðŸ¥°ðŸ¥°ðŸ˜ðŸ˜ðŸ˜ðŸ™ðŸ™ðŸ™,1
í•ì´ ðŸ‘ðŸ‘,1
ì™€ ë„˜ ì´ì˜ì‹œë„¤ìš” ðŸ˜²ðŸ˜²,1
ì•ˆë“œëž˜ë„ ê¸°ì‹ ë° ë¶€ì¸ ì»·ì— ë”ë” ê¸¸ì–´ë³´ì´ëŠ” ëª¨ë¸í•ðŸ˜ðŸ˜ðŸ˜,1
ì•—.. ì´ ì‚¬ì§„ë³´ë‹ˆ í•‘í¬ë„ ìž˜ ì–´ìš¸ë¦¬ì‹ ë‹¤.. ì—­ì‹œ ê²°êµ­ì€ íŒ¨ì™„ì–¼ðŸ˜,1
ðŸ¤,1
ì§„ì§œ ì±ˆì´ë‹˜ ê±°ìš¸ìƒ· ë§›ì§‘ðŸ”¥,1
I love your stylee,1
this is your ðŸ’,1
ê±°ìš¸ìƒ· ë§›ì§‘ !!,1
ðŸ”¥ðŸ”¥ðŸ”¥ðŸ”¥ðŸ”¥ðŸ”¥ðŸ”¥ðŸ”¥,1
Very yang jeongin coded.,1
í”¼ë“œê°€ ì œ ìŠ¤íƒ€ì¼ì¸ë°ìš”?,1
â¤ðŸ™Œ,1
â¤ï¸â¤ï¸â¤ï¸â¤ï¸â¤ï¸â¤ï¸â¤ï¸â¤ï¸,1
ðŸ˜ðŸ˜,1
ðŸ¤ðŸ§¸ðŸ¤ŽðŸ¯ðŸ¤ðŸ§¸ðŸ¤ŽðŸ¯ðŸ¤ðŸ§¸ðŸ¤ŽðŸ¯ðŸ¤,1
ðŸ¤ðŸ¤ðŸ¤,1
ðŸ™Œ,1
ðŸ¤,1
Handsome ðŸ”¥â¤ï¸,1
ê±´ë‹˜ 8ì›” íŒŒì´íŒ…ìš¥ â¤ï¸â€ðŸ”¥,1
ì†ì´ì˜ë„¤,1
Beautiful ðŸ¤,1
BugÃ¼nlÃ¼k bu kadar tatlÄ± yeter arkadaÅŸlar hadi evinize ðŸ–,1
Looking sharp! Cool top and styling! Excellent photos!,1
8ì›” íŒ… ðŸ™Œ,1
ì‹¤ë¬¼ë‚´ë†”ðŸ˜®â€ðŸ’¨,1
Hmm Hm ðŸ”¥,1
Soft and simple ðŸŒ¸,1
ë¶„ìœ„ê¸°ê°€ ì •ë§ ë©‹ì§€ì…”ìš”âœ¨âœ¨ ì €ëŠ” ì•„ì§ í•œì°¸ ëª¨ìžëž€ ë“¯ í•©ë‹ˆë‹¤.. ë©‹ì§€ì‹  ë¶„ë“¤ ë§Žì´ë§Žì´ ë³´ë©´ì„œ ë” ë…¸ë ¥í•´ì•¼ê² ì–´ìš”ðŸ¤£ðŸ¤£ðŸ¤£ í”¼ë“œ ìž˜ ë´¤ìŠµë‹ˆë‹¤!! ë©‹ì§„ ssì‹œì¦Œ ë³´ë‚´ì‹œê¸¸ ë°”ëžë‹ˆë‹¤ðŸ”¥ðŸ”¥,1
Oh lÃ¡ em casa comigo ðŸ™ˆâ¤ï¸,1
"3ë²ˆì§¸ ì‚¬ì§„ì´, íŠ¹ížˆ ì•„ë¦„ë‹µë‹¤. ëª¸ì— ì›€ì§ìž„ì´ ìžˆê³ , ìƒì˜ì™€ ë°”ì§€ì˜ ë°¸ëŸ°ìŠ¤, ì„¬ì„¸í•œ ì†ëê³¼ ë°˜ì§€, ë§¤ìš° ë©‹ì§‘ë‹ˆë‹¤.",1
very handsomeðŸ« ðŸ©·ðŸŒ¸ðŸ’‹ðŸ«°,1
ë”ì›Œë„ ê¸ˆì†ì€ ì—¬ì „í•˜ë„¤ìš”ðŸ˜,1
íž™í•© ìŠ¤íƒ€ì¼ ë„˜ ë©‹ì§€ê³  ì¢‹ì•„ìš”ðŸ˜,1
"ìŠ¹ë°°ë‹˜ ê·¸ë¦¼ì‹¤ë ¥ì¢€ ë¹Œë ¤(?)ì£¼ì„¸ìš”(?),,ðŸ« ",1
ðŸ™ŒðŸ™Œ,1
ðŸ‘ðŸ‘ðŸ‘,1
ðŸ‘ðŸ‘,1
ë‚¨íŽ¸ì—ê²Œ ìž…ížˆê³  ì‹¶ì€~ ìŠ¤íƒ€ì¼ì´ë„¤ìš© ã…‹ã…‹,1
ë°ì¼ë¦¬ë£©ìœ¼ë¡œ ì˜ˆë»ë³´ì—¬ìš” ã…Žã…Ž,1
ì§‘ì›¨ì–´ ë°ì¼ë¦¬ë£© ì •ë³´ ê°ì‚¬í•©ë‹ˆë‹¤.,1
ðŸ§º,1
ðŸŽ§,1
respectðŸ¥¹,1
Idk but im really want to be your fansðŸ˜Œâ¤ï¸,1
ìš”ì¦˜ ë‚ ì”¨ê°€ ì§„ì§œ ì¢€ë§Œ ê±¸ì–´ë„ ë•€ì´ ë‚˜ì„œ ì§‘ì—ë§Œ ìžˆê³  ì‹¶ì–´ìš”ðŸ¥¹ðŸ« ðŸ« ,1
ì§„ì§œ ì˜·ë„ ì´ì˜ê³  ëª¨ë¸ë„ ë„ˆë¬´ ì´ì˜ìžë‚˜â€¦ðŸ¥ºðŸ–¤,1
ì½”ë”” ë„ˆë¬´ ì¢‹ì•„ìš©ðŸ¤­,1
"ì§„ì§œ ë„ˆë¬´ ë”ì›Œì„œ ë‚˜ê°€ê³  ì‹¶ì§€ê°€ ì•Šë„¤ìš”,,,,ì˜· ì¡°í™”ê°€ ë„˜ ìª¼ì•„ìš¥ðŸ‘",1
ë¨¸ì—‰~,0
ë©ë© ì‹œë£¨ë„ ì§–ì—‰,1
ëˆˆì´ ì›Œë‚™ í¬ê³  ë˜˜ë§ë˜˜ë§ í•˜ë‹ˆê¹Œ í™”ìž¥ ìžì—°ìŠ¤ëŸ½ê²Œ í•˜ëŠ”ê²Œ ë” ìž˜ì–´ìš¸ë¦´êº¼ ê°™ì•„ìš”,1
ðŸ¤,1
How do you post with that down there,1
ëª¨ì•¼ ì•¼ìŠ¤ížˆë¡œ ì´ˆ ê¸°ì—½ìžë‚˜ìš”,1
â¤ï¸ðŸ™Œ,1
ðŸ”¥ðŸ”¥ðŸ”¥,1
Amk bunlar gibileri cvp bile vermiyor insanlara ðŸ˜Œ gÃ¶rende insan deÄŸiliz sanki,1
í›„ë“œì§‘ì—…ì´ëž‘ ë°˜ë°”ì§€ëŠ” ì•ˆíŒŒë‚˜ìš”â€½,1
500ìž¥ ê²€ì‚¬ í•˜ê² ìŠµë‹ˆë‹¤,1
ì‹ ë°œ ðŸ”¥í—‰ íƒë‚œë‹¤,1
â¤ï¸â¤ï¸â¤ï¸â¤ï¸â¤ï¸â¤ï¸â¤ï¸,1
ðŸ™Œ,1
Hey DM meâ—ï¸,1
love it,1
ì–¼ë§Œê°€ìš”??,1
ðŸ˜ðŸ˜ðŸ˜ðŸ˜ðŸ˜ðŸ˜ðŸ‡§ðŸ‡·,1
Big boy,1
How cute ðŸ’š,1
Wow â¤ï¸,1
So cute and handsome babyðŸ”¥â¤ï¸,1
ì•„ë¦„ë‹¤ìš´â¤ï¸,1
â¤ï¸,1
ðŸ¥°ðŸ¥°ðŸ¥°ðŸ¥°ðŸ¥°ðŸ¥°,1
ì–¼êµ´ì´ ì–´ë–»ê²Œ ì €ë¦¬ ë”± ë–¨ì–´ì§€ì§€...í™•ì‹ ì˜ ì¡°ê°ìƒ,1
ðŸ˜,1
ðŸ™Œ,1
â¤ï¸,1
-,1
ëˆˆì„ ëœ¨ê³  ì£¼ë¬´ì‹œë„¤ìš”,1
The last photo is the best one hahaðŸ˜†ðŸ˜ŽðŸ‘ŒðŸ¼,1
ðŸ”¥,1
ì£¼ë§ë„ ì—„ì²­ë¥ë„¤ì˜ðŸ˜,1
ìŠ¤ì»¤íŠ¸ ë„˜ ì·¨ì €ì¸ë°ìš”... â¤ï¸ðŸ˜â¤ï¸,1
ðŸ˜ðŸ˜,1
ì—¬ë¦„ ëë‚˜ë¼ðŸ”¥,1
ìœ¼ì•™ í•‘í¬ë³¼ìº¡ ì™œ ì´ë ‡ê²Œ ìž˜ì–´ìš¸ë¦¬ì‹œë‚˜ìš”ì˜¤ðŸ˜–ðŸ’–ðŸ™Š,1
í•«í•‘í¬ëª¨ìž í•«í•˜ë‹¤êµ¬ìš”ðŸ”¥ðŸ‘,1
ì˜¤ì…˜ë·°ì— í•‘í¬ëª¨ìž ë„ˆë¬´ íž™í•˜ë‹¤..ðŸ”¥,1
í•‘ì¿  í¬ì¸íŠ¸ ë†“ì¹ ìˆ˜ ì—†ì ¸ðŸ™Œ,1
ì—¬ë¦„ ì–¸ì œ ëë‚˜..ðŸ«  ëª¨ìž í¬ì¸íŠ¸ ì»¬ëŸ¬ ë„˜ ì´ì˜ë„¤ìš”ðŸ’• ë°ì¼ë¦¬ë¡œ ìž…ê¸° ë„˜ ì¢‹ì€ í‹°ê¹Œì§€~~~,1
ë„ˆë¬´ ê·€ì—¬ìš´ í‹°ì…”ì¸ ì— í•‘ì¿  ë³¼ìº¡ê¹Œì§€ ì™„ì „ ì²´ê³ ìžë‚˜!!ðŸ˜»â¤ï¸ ì—­ì‹œ ë‚¨ìžëŠ” í•‘ì¿ ì§€~~ðŸ’–ðŸ’–,1
ì˜ˆìœ ì—¬ë¦„ì½”ë””ì— ë³¼ìº¡ í¬ì¸íŠ¸ ì¢‹ë„¤ìš”ðŸ˜,1
ë°”ì´ì  ë‘íˆ¼í•˜ê³  í•ë„ ì¢‹ì£  ðŸ‘ðŸ‘,1
"ì´ì œê³§ ì—¬ë¦„ì´ ëë‚˜ê¸¸ ê¸°ì›í•˜ë©°,,,ðŸ”¥ì½”ë””ì— í•‘í¬ìƒ‰ ëª¨ìž í¬ì¸íŠ¸ë¡œ ë„˜ ì˜ˆì˜ë„¤ìš©ðŸ˜®",1
í•‘í¬í•‘í¬~!! ë‚¨ìžëŠ” í•‘í¬!!ðŸ©·,1
ë‚¨ìžëŠ” í•‘ì¿ ì£ !!!!!!!!ðŸ”¥ðŸ”¥ðŸ˜Š,1
ì˜¤ë²„í•ì´ë¼ ì§±ì§±í•˜ë©´ì„œë„ ì—¬ìœ ë¡œìš´ ì‹¤ë£¨ì—£ê³¼ ì–´ë‘ìš´ ìƒì˜ì™€ ëŒ€ë¹„ë˜ëŠ” í†¤ì— ë°ì€ ëª¨ìžë¥¼ ê°€ì ¸ê°€ëŠ” ì—°ì¨©ì˜ ì½”ë”” ì„¼ìŠ¤ ë„˜ ì¡°ì¿ ìš˜ðŸ¥¹ðŸ’•,1
í•‘í¬ë³¼ìº¡ ë„˜ ì°°ë–¡ðŸ¥¹ðŸ‘ðŸ‘,1
í•‘ì¿  ë³¼ìº¡ì— í‹°ì…”ì¸  ë°ë‹˜ íŒ¬ì¸ ê¹Œì§€ ðŸ˜ðŸ˜ ì—¬ë¦„ì€ ì‹«ì€ë° ì—°ì´ë‹˜ ì—¬ë¦„ ì½”ë””ëŠ” ì¢‹ì•„ìš”â¤ï¸,1
ðŸª¸,1
ì»¤í”Œë£©ìœ¼ë¡  ë”±ì´ì£ ?ðŸ˜,1
ì´ì œ ê·¼ë³¸ì´ ë˜ë²„ë¦° Cë¡œê³ ë„¤ìš”,1
ë°”ì˜ë‹¤ ë°”ë¹ ..ðŸ˜‚,1
ìƒì˜ ìž˜ ì–´ìš¸ë¦¬ì„¸ì—¬ðŸ™Œ,1
ë…¸ëž‘ ë…¸ëž‘~~~~ðŸ’«,1
ë…¸ëž­ì´ë‹¤,1
ðŸ”¥ðŸ”¥ðŸ”¥,1
ì–¼ë¥¸ ì„ ì„ í•œ ê°€ì„ì´ ì˜¤ë©´ ì¢‹ê² ë„¤ìš©ðŸ’›ðŸ˜¢,1
ðŸ‘,1
ã„·..,1
ìž˜ ë†€êµ¬ ì™”ë‚˜ ë¶€ë„¤ðŸ‘ðŸ‘,1
ì €ë‘ë°ë¦¬êµ¬ê°€ì—¬ðŸ˜¢,1
ë‚´í‘œì • ðŸ¥²ðŸ¥²ðŸ¥²ðŸ¥²,1
ë„ˆë¬´í•´ ã…œã…œ,1
ê¿€ë–¨ì–´ì§€ë„¤ðŸ”¥ðŸ”¥,1
ðŸ¤¢,1
ì´ ì‚¬ì§„ ë³´ë‚´ê¸°ðŸ‘‰,1
ì´ ì‚¬ì§„ ë³´ë‚´ê¸°ðŸ‘‰,1
ðŸŽ¢,1
ì˜¤ì˜¤ì˜¤ ë°”ì§€ ì™„ì „ ê°„ì§€ë‚˜ë„¤ìš” í”ì¹˜ì•Šì€ ìŠ¤íƒ€ì¼ ê°™ì•„ìš”ðŸ”¥,1
ë°”ì§€ ë””ìžì¸ì´ë‚˜ í•ì´ ë„ˆë¬´ ì´ë»ìš”!!,1
ì½”ë”” ë§¤ì¹˜ê°€ ë„ˆë¬´ ì¢‹ì€ë°ìš”? ê¿€ì¡°í•©ðŸ‘ðŸ»,1
ì½”ë””ì´ë»ìš” ðŸ‘ðŸ‘ðŸ”¥,1
ë°”ì§€ ë¬¸ì˜ì—¬~~~ì˜¤ë””ê¼°ê°€ì—¬,1
ë³´9ì‹¶,1
ðŸ˜‚ðŸ¤­ðŸ¤© friend ðŸ˜,1
ðŸ’,1
ê¹Œë§Œì½©ì„ ë„ˆë¬´ ê·€ì—½ê²Œ ì°ìœ¼ì…¨ë„¤ìš”! ðŸ˜â¤ï¸ ë°±íŒ¨í‚¹ê³¼ ìº í•‘ì— ëŒ€í•œ ì •ë³´ê°€ ê¶ê¸ˆí•´ìš”. ë‹¤ìŒ ê²Œì‹œë¬¼ë„ ê¸°ëŒ€í• ê²Œìš”! ðŸ‘€ðŸŒ²  #ìžì—°ì£¼ì˜,1
#ë‚¨ë…€ê³µìš© #likeforlikes #likeforfollow #ìº í•‘ìŒì‹ #ë¯¸ì¦ˆìº  #ìº í¼ #ìº í•‘ #ìº í•‘ë£© #ë¯¸ì¦ˆìº í¼ #stanley #ë£¨ì¦ˆí• #ì˜¤ë²„í• #ootd #instagram #camping #10ì‚´ #7ì‚´ #í˜•ì œìŠ¤íƒ€ê·¸ëž¨ #ì•„ë™ë³µ #ì—¬ë¦„ì˜· #ì»¤í”Œ #ëŸ½ìŠ¤íƒ€ê·¸ëž¨ #ì˜¤ì˜¤í‹°ë”” #ê³ í”„ë¡œížˆì–´ë¡œ7ë¸”ëž™ #camper #ë¯¸ë‹ˆì¿ í¼3ë„ì–´ #íˆ´ë ˆê°€ë¡œë°”,1
ë‚´ ëˆˆì—” ì œì¼ ëª¸ ì¢‹ì•„ë³´ì—¬ ìµœê³ ì•¼ ðŸ’–,1
ðŸ™Œ,1
6ì‹œë„˜ì–´ ê°€ë‹ˆ ì•ˆê³„ì‹œë”ë¼ëŠ”ðŸ™ƒ ê³§..ëµˆìš” ì‚¬ìž¥ë‹˜~~ ë§›ì§‘êº¼.. í–„ë²„ê±°ë¹µ ì‚¬ê°”ì—ˆëŠ”ë”” ðŸ˜…(feat.ê³ ë ¤ë¹µì œê³¼ì  ã…Žê³§ ë‹¤ì‹œê°ˆê»˜ìš”!),1
ìž˜ìƒê²¼ë„¤ ê´‘ì„ ì´~,1
ðŸ”¥,1
ðŸ’,1
ê°€ê²©ë¬¸ì˜ìš”!,0
ê°€ê²©ì•Œë ¤ì£¼ì„¸ìš”,0
ì˜¤ ì´ë²ˆêº¼ ì§„ì§œ ìœ ë‚œížˆ ì´ì˜ë‹¤,1
@ë‚´ë‚¨ì¹œ ë³´ê³  ìžˆìœ¼ë©´ ì´ëŒ€ë¡œë§Œ ìž…ì–´ì¤˜,1
ðŸ˜®,1
ðŸ³,1
ðŸ™,1
ì–´ë¨¸ì–´ë¨¸ ì´ëŸ° ìŠ¤í¬í‹°í•œ ë£© ë„˜ ì¢‹ì–´!,1
ë°”ì§€í• ì™„ì „ ì˜ˆìˆ ì¸ë°ìš”?!ðŸ˜â¤ï¸ íƒë‚œë‹¤ ì´ê±°ðŸ«¢âœ¨,1
ë°”ì§€ë„ ì´ì˜ê³  ìœ„ì— íƒ‘ë„ ë„ˆë¬´ ì´ìœë°ìš¤ ðŸ™ŒðŸ™Œ,1
íŒ¬ì¸  ì™„ì „ ë§›ë„ë¦¬ë„¤ìš” ðŸ˜,1
ë°”ì§€í• ë„ˆë¬´ ì¢‹ë„¤ìš”ðŸ‘,1
í™•ì‹¤ížˆ ê¸°ëŒ€ë˜ëŠ” ê°€ì„ìž…ë‹ˆë‹¤,1
ðŸ˜ðŸ˜,1
ì˜¤ ì˜¤ë²„í•ìœ¼ë¡œ ìž…ìœ¼ë‹ˆ ë” ì–´ê¹¨ê°€ íƒœí‰ì–‘ë«ì–´ìš”ðŸ˜®ðŸ˜®ðŸ˜®,1
ðŸ”¥ðŸ”¥ðŸ”¥ðŸ’¯ðŸ’¯ðŸ’¯,1
í˜¼ìž ìž˜ ì°ë…¸,1
Cute ðŸ’™ðŸ”¥,1
â¤ï¸â¤ï¸â¤ï¸â¤ï¸â¤ï¸â¤ï¸â¤ï¸,1
ì•ˆë…•í•˜ì„¸ìš”! í”¼ë“œ ìž˜ ë³´ê³  ê°‘ë‹ˆë‹¤,1
ðŸ”¥,1
âœˆï¸,1
ë’·íƒœê°€ ë” ì˜ˆìˆ ì¸ â¤ï¸,1
â¤â¤â¤â¤â¤â¤â¤â™¥â™¥â™¥â™¥â™¥ðŸ’‹ðŸ’‹ðŸ’‹ðŸ’‹ðŸ’‹ðŸ’‹ðŸ˜ðŸ˜ðŸ˜ðŸ˜ðŸ˜ðŸ’–ðŸ’–ðŸ’–ðŸ’–ðŸ’–ðŸ’–ðŸ”¥ðŸ”¥ðŸ”¥ðŸ”¥ðŸ˜˜ðŸ˜˜ðŸ˜˜ðŸ˜˜ðŸ˜˜,1
ì™€~ ëˆ„ë‚˜ê°€ ì›Œë‚™ ì´ì˜ì‹œë‹ˆ ë’·ë°°ê²½ë„ ðŸ‘ðŸ‘ðŸ‘ í™”ë³´ì´ì‹­ë‹ˆë‹¤ðŸ˜ðŸ˜,1
ë°”ë‹¤ìƒ‰ë­ì•¼... ê°•ì›ë„ íšŒìƒ‰ì´ì—ˆëŠ”ëŽ… ã… ã… ,1
good morning,1
ëª¨ë¸.ë°°ê²½ë‹¤ ë©‹ìžˆê³  ì•„ë¦„ë‹¤ì›Œìš” ðŸ˜ ðŸ’• ðŸŒ¸ ðŸ’– ðŸ’— ðŸ˜˜ ðŸ˜,1
ì—¬í–‰ ì¢‹ì£  ë„˜ ë¶€ëŸ¬ì›Œìš” ^^,1
í™”ë³´ ðŸ‘,1
ðŸ˜ðŸ’•ðŸ˜ðŸ’•ðŸ˜ðŸ’•(ë°ë¦¬ìš°ìŠ¤),1
ëª¨ë¸ë„ ì•„ë¦„ë‹¤ì›€ì— í•œëª« í–ˆë‹¤ì•„~ã…‹,1
ðŸ‘ðŸ‘ðŸ‘,1
ðŸ˜â¤ï¸ðŸ˜â¤ï¸ðŸ˜â¤ï¸ðŸ˜â¤ï¸ðŸ˜â¤ï¸,1
âœ¨ï¸ðŸ’“ðŸ’“ðŸ’“ðŸ’“ðŸ’“ðŸ’“ðŸ’“âœ¨ï¸,1
í‹°ì…”ì¸  ì• ê¸°ì˜·ì¸ê°€ìš” ..?,1
ì¹´ë¦¬ë‚˜ í¼ ë¯¸ì¹«ë‹¤,1
ëˆ„ë‚˜ë„ˆë¬´ì´ë»ìš”,1
ìœˆí„°í¼ ë¯¸ì¹¬ë„¤ðŸ™Š,1
ðŸ”¥,1
ì´ ì‚¬ì§„ ë³´ë‚´ê¸°ðŸ‘‰,1
í¬ í´ëŸ½ì€ ëª»ì°¸ì£ ðŸ’ªðŸ¾ðŸ”¥,1
ã…‹ã…‹ã…‹ã…‹í™”ì´íŒ…ðŸ‘ðŸ‘,1
ì•ˆë…•í•˜ì„¸ìš”~ ë°˜ê°€ì›Œìš”!,1
.,1
.,1
Wowâ¤ï¸dm  5â“‚ï¸,1
ë¯¸ì¹˜ê² ë‹¤â€¦. ì²«ë²ˆì§¸ ì‚¬ì§„ ì§„ì§œ ì œ ìŠ¤íƒ€ì¼ì´ì—ìš”,1
ã…‹ã…‹ã…‹ã…‹ã…‹ ì•„ ã… ã… ã…  ì™œë°”ê¿§ì„œã… ã… ,1
ðŸŒ™,1
ì›… ì™“ì„œ ðŸ’›,1
ðŸŒ€,1
ðŸ”¥ðŸ”¥ðŸ”¥,1
"ìš”ë¡œì½”ë¡¬ ì˜¤ë²„í•œ ë°”ì§€ê°€ ìž˜ ì–´ìš¸ë¦¬ì‹ ë‹¤,,,ì €ë„ í•œ ë²ˆ íŠ¸ë¼ì´ðŸ˜®ðŸ˜®",1
"ë°”ì§€í•ë„ ìµœê³  ,,ðŸ‘ðŸ»",1
ìµœê³ ..ðŸ‘ðŸ‘,1
ë¸”ë£¨ ëŸ¬ë²„êµ¬ë‚˜! ë‚˜ëˆëŽ… ã…Žã……ã…ŽðŸ’™,1
Daddy is handsome ðŸ˜Ž attractive ðŸ¤© and perfect ðŸ˜š I am so proud of you ðŸ˜Œ I wish you happiness always and forever ðŸ¤² I love you so much ðŸ™†ðŸ»â€â™€ï¸ðŸ«‚,1
ðŸ’šðŸ’“ðŸ’šðŸ’“ðŸ’šðŸ’“ðŸ’šðŸ’“ðŸ’šðŸ’“ðŸ˜ðŸ˜ðŸ˜ðŸ‡§ðŸ‡·ðŸ‡§ðŸ‡·,1
ðŸ’š,1
"ì¡´ìž˜ ëª¨ìŠµì— ê·€ì—¬ì›€ ì¶”ê°€í•˜ë©´ ë°˜ì¹™ ì•„ë‹Œê°€ìš”,,ðŸ˜’âœ¨",1
ìŠ¤íƒ€ì¼ ë©‹ì§€ì‹­ë‹ˆë‹¤:),1
ì™œ ê·€ì—½ëƒêµ¬ìš”? ëª¨ë¸ì´ ì°°ë–¡ìœ¼ë¡œ ì†Œí™”í•˜ë‹ˆê¹ìš”,1
â¤ï¸â¤ï¸â¤ï¸â¤ï¸â¤ï¸ Beautiful  love,1
You look amazing ðŸ”¥,1
ì´ ì½”ë”” ë„ˆë¬´ ì¢‹ì•„ìš”...ðŸ¥ºðŸ’š,1
handsomeðŸ’ðŸ« ,1
ã„´ã„±ã„±ã…‡ã…‡ã„±ã…‡ã„´?,1
â¤ï¸â¤ï¸ðŸ˜ðŸ˜,1
Love this type of outfit so much....ðŸ˜,1
"ë„ì „í•˜ê³ ì‹¶ê²Œ ë§Œë“œëŠ” ì½”ë””ë‹¤,,",1
you're so hot ðŸ”¥ðŸ’˜ðŸ’ðŸ™Œ,1
ë„˜ ìˆ˜ê³ í•´ì¨ìš©ðŸ™ŒðŸ”¥ êµ¿ë°¤ ë˜ì„¸ìš”ðŸ«¡âœ¨ðŸŽ¶ðŸ’•,1
ë¶ˆê¸ˆ í•˜ì²´ë¡œ ë•€ì„ ì™ ë¹¼ì…¨ë„¤ìš”!!!ðŸ‘ 140kgë„ ì—„ì²­ ëŒ€ë‹¨í•˜ì„¸ìš”.....ðŸ¥ºðŸ‘ðŸ»âœ¨,1
140kgë¥¼ í˜¼ìžì„œ í•´ë‚´ì‹  ê²ƒë¶€í„° ëŒ€ë‹¨í•˜ì‹ ë°ìš”.. ðŸ‘ê³„ì†í•´ì„œ ë„ì „í•˜ë©° ë§¤ìˆœê°„ í•¨ê»˜ ë°œì „í•´ë³´ìžêµ¬ìš”!! ðŸ”¥ðŸ”¥ ê³ íˆ¬ë‹˜ ì´ë²ˆ ì£¼ë§ë„ ë“ê·¼ í–‰ë³µì£¼ë§ ê°€ë´…ì‹œë‹¹ ðŸ«¡,1
ìŠ¤ì¿¼íŠ¸ë„ ë²¤ì¹˜ì²˜ëŸ¼ ì˜¤ë¥¼ê²ë‹ˆë‹¤ðŸ”¥ðŸ”¥,1
140ë„ ëŒ€ë‹¨í•œê±°ì—ìš¥ðŸ”¥ ë‹¤ìŒì—” ë¬´ì ê¶Œ ì„±ê³µê°€ë³´ìžêµ¬ìš”ðŸ”¥,1
ë‹¤ìš´íŽŒì˜ì´ë¯¸ì…§êµ°ìš”..ì „ë˜ í•«ì²´í•˜ì‹œê³ ...í‚¤ê°€ìž‘ì•„ì¡‹ë‹¨ëœ»ì´ì‹ ì¤„..ðŸ˜® .ðŸ˜‘ ë‚¨ìžë“¤ë„ ë°”ìœí˜„ìƒì‚´ì´êµ°ìš”,1
í–‰ë³µìš´ë™ ë˜ì…¨ë‚˜ìš”? ðŸ¥³ðŸ¥³ðŸ¥³ðŸ˜˜,1
í•«ì²´í•«ì²´! ê³ ìƒí•˜ì…¨ìŠµë‹ˆë‹¤! 140í‚¤ë¡œ ì–´ë§ˆì–´ë§ˆí•œë°ìš©? ë¶€ìƒì—†ì´ ì•ˆì „í•˜ê²Œ ì¦ëŸ‰í•˜ì‹¤ ìˆ˜ ìžˆê¸¸ ì‘ì›í•©ë‹ˆëŒœðŸ”¥,1
140ë„ ëŒ€ë‹¨í•˜ì‹ ê±¸ìš”...! í¼í¼.. 150 ê¹”ë¦¬ì…¨ìœ¼ë‹ˆ ë‹¤ìŒì— ì„±ê³µí•˜ì‹¤ë“¯ðŸ‘€ ì˜¤ëŠ˜ë„ ê³ ìƒí•˜ì…¨ì–´ìš”!ðŸ‘ðŸ‘ðŸ‘ í–‰ë³µí•œ ì£¼ë§ ë³´ë‚´ì„¸ìš”ðŸ˜†ðŸ”¥ðŸ”¥,1
ê³ íˆ¬ë”ë»í‚¹ìŠ¤ìœ™ìŠ¤.......ðŸ˜‚,1
140 ìŠ¤í€ë„ ìž˜í•˜ì‹œëŠ”ê±´ë°!!!ë‹¤ìŒì—ëŠ”150 ê°±ì‹ í•˜ëŠ” ê±° ì˜ìƒìœ¼ë¡œ ì°ìš°ì£¼ì„¸ìš©~~!!!,1
ì™€ 140ì´ë¼ë‹ˆ..ðŸ˜‚ ì €ëŠ” í•¨ë¶€ë¡œ ë„ì „ ëª»í•˜ê² ë˜ë°ìš” ðŸ‘ ë©‹ì§€ì‹­ë‹ˆë‹¤ã…Žã…Ž,1
ì €ë„ì˜¤ëŠ˜ í•«ì²´ì™„ë£ŒðŸ˜Ž 140ë„ ì´ë¯¸ ë„ˆë¬´ ëŒ€ë‹¨í•˜ì‹ ë°ìš” ê³ íˆ¬ë‹˜ðŸ‘ í•œì£¼ë„ ìˆ˜ê³ í•˜ì…¨ì–´ìš”ðŸ˜†,1
ì•œã…‹ã…‹ ì˜¤ëŠ˜ ì‚¬ì§„ ì˜ë¯¸ê¹Œì§€ ë„˜ ìž¬ë°Œë„¤ìš”ðŸ‘ðŸ‘ì£¼ë§ ì¦ê²ê²Œ ë³´ë‚´ì„¸ìš”ðŸ”¥,1
ë„ìœ¤ì•„~  ì¤‘ëŸ‰ ë§Žì´ ëŠ˜ì—ˆë„¤ ë‚œ ì•„ì§ ê·¸ëŒ€ë¡œ ìœ ì§€ì–´í‹°ë‹ˆê¹ ì²œì²œížˆ ì•ˆì „ë“ê·¼í•´ðŸ’ª ë‹¤ì¹˜ì¹˜ë§ê³ ðŸ‘,1
ðŸ·,1
ðŸ·,1
âœ¨,1
ðŸ”¥,1
í°ìƒ‰ .. ì˜ˆìœë°,1
ë¥´ì„¸ë¼í•Œê°€í‹ˆ,1
ðŸ¤,1
ðŸšª,1
ì¹´ê³ Bazee,1
ë‹˜ ì„œíƒ€ì¼..,1
ì´ë¶„ ë¬´ì±„ìƒ‰ ë§›ë‚˜ë„¤ìš” ì¸„ë¦…ðŸ« ,1
ê¸°ì˜¨ì´ ì˜ìƒê¶Œâ€¦! ì–¼ë¥¸ ëŒ€ë¹„í•´ë´…ì‹œë‹¤ðŸ”¥,1
"ì•ˆë…•í•˜ì„¸ìš”! ê±´ìž¥í•œì²´ê²© í‚¤ìž‘ì€ë‚¨ìž ì‡¼í•‘ëª° â€˜ë² ë¥´ë¯¼â€™ìž…ë‹ˆë‹¤!.ðŸ”¥ëª¨ë¸ ì‚¬ì´ì¦ˆ : 172cm 72kg- ëª¨ë“  ì œí’ˆë¬¸ì˜ëŠ” ì´ìª½ìœ¼ë¡œ DMë¶€íƒë“œë¦½ë‹ˆë‹¤!, ê°ì‚¬í•©ë‹ˆë‹¤â˜ºï¸",1
ì´ê±° ë³´ì„¸ì—¬,1
ì´ê±° ë³´ì„¸ì—¬,1
ë„ˆ ì•„ë‹ˆë‹ˆ,1
ya bu kadar olmaz bak yeter bi Ä±ara ne bu ne gelicm neler olucK niye Ã¼z,1
ì²«ì‚¬ì§„ ìƒì˜ ì•„ì´ë³´ë¦¬ëŠ” ì–¸ì œ ì˜¤í”ˆë˜ë‚˜ì˜~?,1
ì»¬ëŸ¬ëŠ” ì–´ë–¤ê±° ë‚˜ì˜¤ë‚˜ìš©~?,1
ìƒ‰ìƒì€ ì–´ë–¤ìƒ‰ìƒ ë‚˜ì˜¤ë‚˜ìš©ðŸ˜€,1
ì¡°ì…‰ ìˆ„ ë¸”ëž™ì´ëž‘ ì¹´í”„ í•€í„± ë‰´ë²„ì „ ì°©ìž¥ ì»· ë³´ê³  ì‹¶ì–´ìš©ðŸ˜,1
ðŸ”—,1
ì‚¬ì§„ì†ì˜ íŒ¬ì¸ ëŠ” ì˜¤ë¦¬ì§€ë„ì¸ê°€ìš”? ì´¤ë¥´ë¥´~ìœ ì—°í•œ í•ì´ ë”ì¢‹ì€ë°..ì˜¤ë¦¬ì§€ë„ë„ êµ¬ë§¤ê°€ëŠ¥í•œê°€ìš”?^^,1
ì•„ ðŸ˜® ê¸°ë‹¤ë ¸ë‹¤ ë‰´ë¡œ ì‚¬ë³¼ê¹Œìš”..?ðŸ¤­,1
ê°™ì´ ì½”ë””ëœ ë¸”ëž™ ë‹ˆíŠ¸?ë„ ê°™ì´ ì˜¬ë¼ì˜¤ë‚˜ìš”?,1
í•œë²ˆì— ì¢€ ê°™ì´ ì˜¬ë ¤ì£¼ì„¸ìš” ã…Žã…Ž,1
1ë²ˆì‚¬ì§„ì˜ ë² ì´ì§€ ë‹ˆíŠ¸ë„ ê¶ê¸ˆí•©ë‹ˆë‹¤,1
ë„˜ì´ë»ìš” ê¸°ìž¥ë§Œ ë„ˆë¬´ ì•ˆê¸¸ì—ˆìœ¼ë©´ ì¢‹ê² ì–´ìš”,1
ë„˜ì´ë»ìš” ê¸°ìž¥ë§Œ ë„ˆë¬´ ì•ˆê¸¸ì—ˆìœ¼ë©´ ì¢‹ê² ì–´ìš”,1
íŒ¬ì¸  ìƒì„¸ì»· ë¶€íƒí•´ìš” ì´ê¸°ìž¥ê³¼ ì‹¸ì´ì¦ˆ ì•Œê³ ì‹¶ì–´ìš”,1
â¤ï¸,1
ëª¨ë“  ë¬¸ì˜ëŠ” ì´ìª½ìœ¼ë¡œ ì£¼ì‹œë©´ ë©ë‹ˆë‹¤ ðŸ’›,1
ê°ì‚¬í•©ë‹ˆë‹¤ ã…Žã…Žã…ŽðŸ™ŒðŸ™Œ,1
ì£„ë‹¤ 8ë¶€ë°”ì§€ì—¬ ëª¨ìŠ¨,1
ê°ì‚¬í•©ë‹ˆë‹¤ ëª¨ë“ ë¬¸ì˜ DMì£¼ì„¸ìš©ðŸ˜Š,1
ëŒ€ë°•ë‚˜ì„¸ìš”ðŸ”¥,1
ëª¨ìž&ì‹ ë°œ ì„¼ìŠ¤ðŸ”¥,1
í¬ ì…”ì¸  ë„ˆë¬´ ì´ìœë°ì—¬ðŸ‘,1
ë³´ê¸°ëŠ” ë„ˆë¬´ ì˜ˆìœë° ë§Žì´ ë”ìš°ì…¨ë‚˜ìš”!?ðŸ˜‚ðŸ˜‚,1
ë¯¸ìŠ¤ í•˜ë‹ˆê¹Œ ë‚´ì¼ ë¯¹ìŠ¤ë§¤ì¹˜ ì½”ë”” ê°€ì‹œì£ ðŸ¤£,1
ì½”ë”” ë””í…Œì¼ê¹Œì§€ ì™„ë²½í•˜ì‹œë„¤ìš”ðŸ‘ðŸ»,1
ì „ ì˜¤ëŠ˜ ë¡±ìŠ¬ë¦¬ë¸Œ ìž…ì—ˆë‹¤ê°€ ëŒ€í›„íšŒí–ˆìŠµë‹ˆë‹¤.. í•˜ì•„...,1
ì…”ì¸  ì´ì˜ë„¤ìš©,1
ë„ë¬´ì§€ ì‹œì›í•´ì§€ì§€ë¥¼ ì•ŠëŠ” ë‚ ì”¨..,1
ðŸ‘–,1
ðŸ”¥,1
ðŸ”¥,1
ë¬´ë“œ ì°¢ì—ˆë‹¤..,1
ê°€ì„ ì½”ë”” ë²Œì¨ë¶€í„° ê¸°ëŒ€ë˜ë„¤ìš”!!!!ðŸ”¥ðŸ”¥ðŸ”¥,1
ì•„ë‹ˆ ì•ˆ ë¥ë‚˜?,1
catcetcack,1
ë°”ëžŒë§‰ì´ ì½”ë”” ì¸ê°€ìš”?,1
ì—­ì‹œ.. ê°¬ì„±ì“°ðŸ”¥,1
.,1
ì–´ëœíŠ¸ëŠ” í‚¤ ëª‡ì„¼ì¹˜ê¹Œì§€ ìž…ì„ìˆ˜ ìžˆì„ê¹Œìš”?? 180ë„˜ëŠ” ì•„ë¹ ë“¤ì€ ëª»ìž…ì„ê¹Œìš”??,1
ì •ì‚¬ì´ì¦ˆë¡œ  ì£¼ë¬¸í•˜ë©´ ë˜ë‚˜ìš”?? í‚¤ 126  ëª¸ë¬´ê²Œ26  ìˆ˜ì•„ë¹„ 2xlìž…ê³ ìžˆì–´ìš” ê¸°ë³¸í• ìœ¼ë¡œ ë¬¸ì˜ë“œë ¤ìš”,1
â¤ï¸,1
â¤ï¸,1
-,1
POLO SHIRTS,1
.,1
ëª¨ë‚˜ë¯¸ì½”ë””ëŠ” ì§„ì§œ ì–¸ì œë‚˜ ì´ì˜ë„¤ì—¬ðŸ˜ ì•„ì§ ë¬´ë”ìœ„ ì‹¬í•´ìš” ê±´ê°•ì¡°ì‹¬ ìž…ë‹ˆë‹¤,1
í°ê²€ ê¹”ë”í•´ìš”â¤ï¸,1
ðŸ‘,1
over-fit hoodie,1
Short-sleeved shirt with a cat,1
-,1
ë¶€ì§€ëŸ°í•˜ì´ ì˜¬ë¦¬ë„¤ðŸ”¥â¤ï¸,1
ìƒ‰ê° ë„ˆë¬´ì´ë»ìš©ðŸ˜,1
ðŸ”¥,1
ðŸ‘‡ðŸ»,1
ðŸ›,1
"ëŒ€í‘œë‹˜, ì•ˆë…•í•˜ì„¸ìš”^^ë””ì— í™•ì¸ ë¶€íƒë“œë¦½ë‹ˆë‹¤ â˜º",1
ðŸ¤,1
í— ì´ ë°”ìº‰ìŠ¤ ëŠë‚Œ ë‚˜ëŠ” ì½”ë”” ìµœê³ ì—ìš”ðŸ˜†,1
ì•„ìš°---ì˜ˆë¿Œì›…â¤ï¸,1
ë°”ìº‰ìŠ¤ë£© ë„ˆë¬´ ì²­ëŸ‰í•´ ì—°ìž¬ ðŸ’™,1
ðŸ’«,1
ì§„ì§œ í”¼ì§€ì»¬ë¶€í„° ëŒ€ë°•ì´ë‹¤ðŸ˜,1
í™”..í™”ë³´ë‹¤..ðŸ˜ðŸ”¥ðŸ™ŒðŸ™Œ,1
ì½”ë”” ë„ˆë¬´ ì´ì˜ë„¤ìš”ðŸ‘ðŸ» íŠ¹ížˆ ì…”ì¸ ìƒ‰ ì°°ë–¡ì´ì‹­ë‹ˆë‹¤,1
ì™€ ë£© ì™„ë²½ì´ë‹¤..,1
ì—¬ë¦„ì½”ë”” ì •ì„!!ðŸ”¥,1
í¬â€¦ ìŠ¤íƒ€ì¼ë§ ì£½ì´ë„¤ìš”,1
ì‹œì›í•œ ë°”ìº‰ìŠ¤ë£© ëŠë‚Œ ë„ˆë¬´ ì´ë»ìš”ðŸ”¥,1
ì˜¤ìš° í”„ëžœì¹˜ì‹œí¬ðŸ‘,1
ì‹œê·¸ë‹ˆì²˜ ë°”ì§€ ì§„ì§œ íŽ¸ì•ˆí•˜ë˜ë° ðŸ«¶ðŸ«¶,1
ë°°ê²½ì´ëž‘ ì°°ë–¡ì´ë„¤ìš” í™”ë³´ðŸ”¥ðŸ”¥,1
ðŸ§¸,1
ë§ˆìŒë„ ë¹¨ê°›ë‚˜ìš”?,1
â¤ï¸,1
Wow â¤ï¸,1
ì¢‹ë°˜í•´ìš”!,1
ðŸ§¡,1
ðŸ¥¨,1
ì„ ê¸€ë¼ìŠ¤ ì´ë»ìš” í˜•ðŸ˜Ž,1
ì˜¤ðŸ”¥,1
ðŸŽ°,1
ðŸŽ°,1
street denim jean,1
BLOESOME BINTAGE SWEAT SHIRT,1
ðŸ‘‡ðŸ»,1
ìƒ‰ì¡°í•© ë„ˆë¬´ ì˜ˆë»ìš”! ðŸ¤Ž,1
ðŸ‘,1
ì½”ë”” ì»¬ëŸ¬ ë§¤ì¹˜ê°€ ë„ˆë¬´ ì¢‹ë„¤ìš”ã…Žã…ŽðŸ‘ðŸ»,1
champion wind break,1
íž™í•˜ê²Œ ìž˜ì–´ìš¸ë¦¬ìŸˆë‚˜ìš”..ðŸ˜,1
ì €ë„ ìš”ì¦˜ ë¨¸ë¦¿ê²° ë‹µ ì—†ëŠ”ë°ðŸ˜¢ ë¨¸ë¦¿ê²° ìƒí•˜ë©´ ì •ë§ ìŠ¤íŠ¸ë ˆìŠ¤ ë°›ì•„ìš”ðŸ˜­ðŸ˜­ ê·¸ë‚˜ì €ë‚˜ ë³´ë“œë ˆë‹˜ì€ ì˜¤ëŠ˜ë„ ë°˜ì—ì´í¬ ëª¨ë¸ðŸ©µ ì½”ë”” íž™í•˜ê³  ë„˜ ì˜ˆë»ìš”ðŸ˜,1
ê¸°ìŠ¹ì „ íŒ¬ì¸ ë„¤ìš©ã…‹ã…‹ã…‹ã…‹ã…‹ìš”ì¦˜ ê°™ì€ ë‚ ì”¨ì— ì‹œì›í•˜ê³  íŽ¸í•˜ê²Œ ìž…ê¸° ë”± ì¢‹ê² ìŠµë‹ˆë‹¹ðŸ˜†âœ¨,1
ì´ë²ˆ íž™í•˜ë©´ì„œë„ ê·€ì—¬ìš´ ì½”ë”” ë„˜ ë§¤ë ¥ì ì´ì—ìš”ðŸ’š ë°°ê²½ë“¤ê³¼ì˜ ì¡°í•©ë„ ë„ˆë¬´ë„ˆë¬´ ì¢‹êµ¬ í—¤ì–´ìŠ¤íƒ€ì¼ê¹Œì§€ ì™„ë²½í•œê±¸ìš”â­ï¸,1
ê½ëƒ¥ë‹˜ ë§¤ë²ˆ ìŠ¤íƒ€ì¼ë§ ë„ˆë¬´ ì˜ˆë»ìš” !! â¤ï¸,1
ì‚¬ì§„ìœ¼ë¡œë§Œ ë´ë„ ì†Œìž¬ê°€ ì‹œì›í•´ ë³´ì—¬ìš”ðŸ˜ì—¬í–‰ê°ˆë•Œ ìž…ì–´ë„ ë”± ì¢‹ì„ ê±° ê°™ì•„ìš”â¤ï¸â¤ï¸,1
êº„ í‚¤ì¹˜í•œëŠë‚Œ ê°€ì•„ë“ ì˜¤ëŠ˜ë„ ë„ˆë¬´ì´ì˜ì‹œìž–ì•„ìš”ðŸ˜,1
íŒ¬ì¸  í• ì •ë§ì˜ˆë»ìš”ðŸ‘ðŸ‘ì‚´ëž‘ì‚´ëž‘í•´ ë³´ì—¬ìš©.ì €ë„ ë¨¸ë¦¿ê²°ë•Œë§¤ ìš”ì¦˜ê±±ì •ì´ìš”ã…œã…œ,1
"íŒ¬ì¸  ì‹œì›í•´ ë³´ì´ê³ , ë„˜ íŽ¸í•  ê²ƒ ê°™ì•„ìš”ðŸ’šðŸ’š",1
ë§¤ë²ˆ ë„ˆë¬´ íž™í•˜ê³  ì´ë¿Œì…”ìš”â¤ï¸ íƒˆìƒ‰ëª¨ ìž˜ì–´ìš¸ë¦¬ì‹œêµ¬ìš”,1
ì—­ì‹œ ìŠ¤íƒ€ì¼ ë„˜ ë§¤ë ¥ì ì´ì„¸ìš”â¤ï¸,1
ì˜¤ëŠ˜ íž™í•˜ë©´ì„œë„ ì˜ˆìœ ì½”ë””ðŸ¤ðŸ¤ ê·¼ë° ë¨¸ë¦¬ ì–´ì°Œì €ë¦¬ ì˜ˆì˜ê²Œ ë•‹ìœ¼ì…¨ì–´ìš” ê¸ˆì†...!!!!,1
í™•ì‹œë¦¬ ì¢€ ë‹¤í¬ ë¸Œë¼ìš´ìœ¼ë¡œ ìƒ‰ í•œë²ˆ ë°”ê¿”ë´ìš” ë¶„ëª… ì—¬ì¿¨ ë®¤íŠ¸ í†¤ì¸ëŽ… ðŸ©µðŸ©µë¿Œì—¼ ì •ë§ ì €ë„ ë„ˆë¬´ í‘ë°œì€ ì‹«ì–´ì„œ ë¿Œì—¼ ë„˜ë„˜ ì‹«ë‹¤ëŠ” ã… ã…  ðŸ˜­,1
ìš”ë‚  ì½”ë”” ì™„ë‚´ìŠ¤ë¼êµ¬íš¨>.< ë³´ë“œë ˆë‹˜ í—¤ì–´ì»¬ëŸ¬ê¹Œì§€ ì•„ì£¼ê¸°ëƒ¥ íŒ…ì»¤ë²¨ìž¬ì§ˆ..ðŸ§šðŸ»ðŸ«¶ðŸ»â­ï¸,1
ì˜¤ëŠ˜ í• ë„ˆë¬´ ì¢‹ê³  íž™í•´ìš” ê³µë“€â¤ï¸â€ðŸ”¥,1
ðŸ«§,1
WIND BREAK,1
ì½”ë”” ë§¤ì¹˜ê°€ ë„ˆë¬´ ì¢‹ì€ë°ìš”? ê¿€ì¡°í•©ðŸ‘ðŸ»,1
ðŸ”¥,1
ì¢‹ì€ í”¼ë“œ ìž˜ ë³´ì•˜ìŠµë‹ˆë‹¤,1
ðŸ–ï¸,1
í¬ë¡­ì…”ì¸ ëŠ” ì–¸ì œ ì—…ëŽƒ ë ê¹Œìš”??,1
ì´ë¯¸ì§€ ì† íƒœê·¸ë¥¼ ëˆŒëŸ¬ ìƒí’ˆì„ í™•ì¸í•´ ë³´ì„¸ìš”ðŸ«¶ðŸ»,1
íƒœì–‘ì„ í”¼í•˜ê³ ì‹¶ì—ˆì–´?,1
ìš”ëŸ° ë¯¸ë‹ˆë©€í•œ ì…‹ì—… ë„ˆë¬´ ì·¨í–¥ì €ê²©ìž…ë‹ˆë‹¤ðŸ’«,1
ì…‹ì—…ì€ ëª»ì°¸ì ¸ðŸ”¥ðŸ™Œ,1
ì…‹ì—… ì´ë¿Œë‹¤ì•™ðŸ˜,1
"ì…‹ì—… ì»¬ëŸ¬ë„ ì˜ˆì˜ê³  ì¤€ì„œë‹˜ í•ê¹Œì§€ ì™„ë²½í•œ,, ê°€ì„ ë¯¸ë¦¬ë³´ê¸° ì½”ë””âœ¨",1
ê°€ì„ì˜¤ë©´ ì¼ì£¼ì¼ì— ì„¸ë²ˆì€ ìž…ì–´ì•¼í•  ì½”ë””ðŸ˜,1
ë‹¤ì‹œ ëŒì•„ì˜¨ ê¹ë¨¸ðŸ˜Ž,1
ì›Œ ë©‹ì§„ ì…‹ì—…ðŸ˜ðŸ˜,1
ë”ì›Œë„ ì…‹ì—…ì€ ëª»ì°¸ì§€ðŸ™ŒðŸ‘,1
ìƒ‰ ë„ˆë¬´ ì´ë»ìš” ì˜· ã… ã… ã… â¤ï¸â¤ï¸â¤ï¸ëŒ€ë°•,1
ì™„ì „ ë©‹ìž‡ìžë‚˜ìš”ðŸ˜,1
ë”ì›Œë„ ê°•í•œë‚¨ìž,1
ë§¤ìŠ¤ë…¸ìš´ ìž˜í•œë‹¤..,1
ì´ì œ ì…‹ì—… ì¤€ë¹„ ì‹œìž‘í•´ì•¼ì£  ðŸ˜,1
ðŸ‘,1
ì˜¤ ì–¸ë‹ˆë©‹ì ¸ ðŸ‘ðŸ‘ ê³µìž¥ìžˆì–´ì„œ ë‚œ ìºì¥¬ì–¼í• ë¼ëŠ”ë° ì•„ì§ ì‹¤í–‰ë¶ˆê°€,1
ê¿ˆðŸ‘ðŸ»ðŸ‘ðŸ»ðŸ‘ðŸ»ëª¨ë…€ë£©ì˜ˆì•½ì´ìš©ðŸ’›,1
ì´ìœí™ˆì›¨ì–´ðŸ˜ ë„˜ ê¸°ëŒ€ë˜ì—¬â™¡,1
í— ë©‹ìª„!!!!!!!!!! ì• ê¸°êº¼ëž‘ ì»¤í”Œë£© ê¸°ëŒ€í• ê²¡!,1
ðŸ§¸,1
ì˜¤ ë©‹ì°œðŸ‘,1
ë‚´êº¼ë„,1
ì˜¤ìš°ðŸ‘ðŸ‘ðŸ‘ðŸ‘ðŸ‘,1
(ë‚¨ì—¬ê³µìš©) ë£¨ì¦ˆí•  ë ˆí„°ë§ ì»¤í”Œ ë°˜íŒ” ì…”ì¸ ,1
ðŸ’Œ,1
â¤ï¸,1
AILICE T-SHIRT,1
JOYPAD T-SHIRT,1
ðŸ˜,1
ì…”ì¸  ë©‹ì§€ë„¤ìš”ðŸ”¥ðŸ”¥,1
í•˜ì™€ì´ì•ˆ ì…”ì¸ ë„ ë„˜ ìž˜ ì–´ìš¸ë¦¬ì‹œë„¤ìš”ðŸ¥¹âœ¨,1
ë‚¨ì‚° êµ¬ê²½í•˜ëŸ¬ ê°€ê³ ì‹¶ë„¤ìš”ðŸ™ŒðŸ™Œ,1
ë‚¨ë°© ë„˜ ì´ë¿Œìš”!!ðŸ”¥ðŸ”¥,1
í¬... í•˜ì™€ì´ì•ˆì…”ì¸  ë‚¨ìžì˜ ìžì‹ ê°ì´ì£ ,1
ðŸ”¥ðŸ”¥ðŸ”¥,1
ðŸ‘,1
ðŸ™Œ,1
ë„¹,1
ì²´í˜• ì°¸ê³ í•˜ë„ë¡,1
ðŸ‘,1
ì˜¤ë¹ ëŠ” ë§ˆì§€ë§‰,1
ì™€ì´ë“œí•ì´ë¼êµ¬ìš”?,1
ã…‹ã…‹ì¢‹ì€ì •ë³´,1
ìŠ¤íŠ¸ë ˆì´íŠ¸ í•,1
â¤ï¸,1
3ë²ˆì§¸ë¶€í„° ì•ˆë³´ì¸ë‹¹,1
Cute ðŸ§¸ðŸŒ¸,1
Yes,1
", ðŸ˜ŽðŸ–¤ðŸ˜",1
ë‹¹ì‹ ì€ ë„ˆë¬´ ìž˜ ìƒê¸´ìž…ë‹ˆë‹¤ðŸ˜,1
ðŸ‘ðŸ‘ðŸ–¤,1
â¤ï¸â¤ï¸â¤ï¸â¤ï¸,1
ðŸ˜Š,1
â¤ï¸â¤ï¸,1
WoowwowowowoðŸ’¥ðŸ’¥ðŸ’¥,1
CuteðŸ˜ðŸ˜,1
ê·¼ë° í‚¤ê°€ ëª‡ì‹œì•¼?,1
ðŸ–¤ðŸ–¤ðŸ–¤ðŸ–¤ðŸ–¤ðŸ–¤ðŸ–¤âœ¨,1
ìŠ¤íŠ¸í•ë§ˆì € ì²œìž¬ì…¨êµ¬ë‚˜..,1
ðŸ”¥ðŸ”¥,1
â¤ï¸â¤ï¸,1
the pants! the accessories!,1
â¤ï¸â¤ï¸,1
ãƒ‘ãƒ³ãƒ„ã¯ã©ã“ã®ã§ã—ã‚‡ã†ã‹ï¼Ÿ,1
ç”»è³ªãŒä¸ŠãŒã£ã¦ã‚‹æ°—ãŒã™ã‚‹ï¼Ÿï¼ŸðŸ™Œ,1
ã‚¹ãƒ©ãƒƒã‚¯ã‚¹ã¯ã©ã“ã®ã‚‚ã®ã§ã—ã‚‡ã†ã‹ï¼Ÿï¼ŸðŸ¤”,1
ì•„ìŠ¤íƒ€ì¼ ë„˜ì´ë¸Œë‹¤,1
ì˜¤ ì˜·ì´ ë„ˆë¬´ ì´ë»ì—¬â¤ï¸,1
ë„ˆë¬´ ì‹¬ë¸”í•˜ê³  ë°ì¼ë¦¬í•˜ë„¤ìš”ðŸ˜,1
ìŒ€ìŒ€í•´ì§€ëŠ” ê°€ì„ì—ì„œ ê²¨ìš¸ê¹Œì§€ ìž…ì„ìˆ˜ ìžˆê² ì–´ìš”,1
ðŸ”¥,1
ì´ê±° ë¯¸ë‹ˆí¬ë¡œìŠ¤ë°± ì–´ë””ê»€ì§€ ì•Œ ìˆ˜ ìžˆì„ê¹Œìš”??,1
ë„ˆë¬´ ê¹”ë”í•©ë‹ˆë‹¤ ðŸ˜†ðŸ‘,1
í•ì´ ë‹¤í•˜ì‹ âœ¨,1
ì½”ë”” ì´ë»ìš” ðŸ˜,1
ì´ì˜ë„¤ìš”..,1
í¬ì¸íŠ¸ë¡œ ì£¼ê¸°ë„ˆë¬´ì¢‹ì€ê±°ê°™ë„¤ìš”ðŸ˜ðŸ˜,1
ã… ì´ê±° ì•ˆì´ ë„ˆë¬´ ë¹„ì³ì„œ ë¶€ë„ëŸ¬ì›Œìš”,1
So clean ðŸ˜,1
í™”ì´íŠ¸ì— ë¸”ëž™í¬ì¸íŠ¸ë“¤!! ðŸ¤­ðŸ¤­ðŸ‘ðŸ»,1
"ì‹ ë°œë¡œ í¬ì¸íŠ¸ê¹Œì§€,,ðŸ‘ðŸ»ðŸ‘ðŸ»",1
pantsðŸ¤,1
ì–¼ë§Œê°€ìš”???,1
ë„˜ ì˜ˆìœ ì½”ë””ðŸ˜,1
ðŸ‘‰,1
ë©‹ì§€ì‹œë„¤ìš©ðŸ™Œ,1
ì§‘ì— ë¹¨ë¦¬.ê¸°ì–´ë“¤ì–´ê°€ë¼ã…‹ã…‹ë¹„ì˜¨ë‹¤ ã…‹ã…‹ã…‹ã…‹,1
ì¢€ ì´ì˜ê¸´ í•´,1
ì²« ë²ˆì§¸ ë©”ë¡± ì‚¬ì§„ í˜€ ë–¨ì–´ì§ˆ ê±° ê°™ì€ë°ì—¬,1
íŒ¬ì´ìš”,1
ðŸ¥€,1
Look drunk ðŸ˜‚ðŸ‘Œ,1
"í— ì½”ë”” íž™í•˜ê³  ë©‹ì§€ê³  ë‹¤í•˜ìž–ì•„ìš©ðŸ˜®ðŸ”¥ í•, ë¹„ìœ¨ê¹Œì§€ ë‹¤ ì™„ë²½í•©ë‹ˆë‹¤â¤ï¸",1
ë™êµ´ë£©ì¸ê°€ìš”?! ê°€í˜„ë‹˜ ë¹„ìœ¨ì´ ì¢‹ì•„ì„œ ì—­ì‹œ í• ì¢‹ì•„ìš”!!ðŸ˜,1
ìš°ì•—~ ì´ ë°”ì§€ ì‹¤ë£¨ì—£ ë„˜ ì´ìœë°ìš”!! í”Œë¦¬ì¸  í•€í„±ê¹Œì§€ ë„ˆë¬´ ì´ë¿Œê²Œ ë“¤ì–´ê°”....,1
íŒ¬ì¸ í• ë„ˆë¬´ ì˜ˆë»ìš”ðŸ”¥,1
íž™í•œë°ìš” ì •ë§ðŸ”¥,1
íž™í•œ ì½”ë”” ë„˜ ìž˜ì–´ìš¸ë¦¬ì„¸ìš”ðŸ«¶íŒ¬ì¸ ê°€ ë§¤ë ¥ì ì´ë„¤ìš”ðŸ˜Š,1
ë™êµ´ì—ì„œ ì´ëŸ° ë¬´ë“œë¥¼ðŸ¤©ðŸ¤©,1
ìš°ì™• ë¶„ìœ„ê¸°ìžˆëŠ” ìš”ëŸ° ìŠ¤íƒ€ì¼ ë„ˆë¬´ ì¦‡ë„¤ìš”ðŸ˜,1
ì½”ë”” ì˜¤ëŠ˜ë„ ë©‹ì§€êµ°ìš”ðŸ˜ðŸ”¥ðŸ™ŒðŸ™Œ,1
ì˜¤ì˜¤ã… ë™êµ´ì•ˆì— ì €ëŸ° ìž¥ì‹ê°™ì€ê²Œ ê±¸ë ¤ìžˆëŠ”ê±´ê°€ìš”â˜ºï¸,1
ë³´ëŠ” ê²ƒë§Œìœ¼ë¡œë„ ì‹œì›í•´ì§€ë„¤ìš”ðŸ¤,1
ë™êµ´ ë°°ê²½ ì‹ ì„ í•˜ë„¤ìš”! ì½”ë””ë„ ì¢‹ìŠµë‹ˆë‹¹ ðŸ”¥,1
ì €ë‘ ìš”ì¦˜ ì‚¬ì§„ì„ ëª»ì°ê³  ìžˆëŠ”..ðŸ¤£,1
ë’¤ì— ë°°ê²½ì´ëž‘ í¬ë¡­í‹°ì— íŒ¬ì¸  ìƒ‰ê°ì´ëž‘ ë””í…Œì¼ì´ ë„ˆë¬´ ì·¨ì €ì—ìš”ðŸ˜ðŸ˜,1
ë‹¤ë¥¸ ì‚¬ëžŒ ë§ê³  ìš°ë¦¬ ì¸ë‹˜..ì¸ë‹˜ ì½”ë””ë§Œ ì¸ìŠ¤íƒ€ì—ì„œ ë³´ê³ ì‹¶ì–´ìš” ðŸ˜,1
ë§¤ìž¥ì€ ë”°ë¡œ ì—†ë‚˜ìš”?,0
ìƒì˜ë„ êµ¬ìž…ê°€ëŠ¥í• ê¹Œìš”?,1
ðŸ‘,1
ðŸŠ,1
â–ªï¸,1
ë¬´ë“œë„ ì¢‹ê³  ì½”ë””ëŠ” ì˜ˆì˜ë„¤ìš©ðŸ˜®,1
ìµœì• íŒ¬ì¸ ì¸ ì´ìœ ê°€ ìžˆêµ°ì—¬..!! ì˜ˆë»ìš”,1
ë¶„ìœ„ê¸° ëŒ€ë°•ì¸ë°ìš” ðŸ‘ðŸ»âœ¨,1
ë¶„ìœ„ê¸° ë„ˆë¬´ ì¢‹ë„¤ìš”!,1
íƒœí’ ì¡°ì‹¬í•˜ì„¸ìš”ðŸ˜‚,1
ê¹”ë” ì½”ë”” ë„˜ ì´ë»ìš” ðŸ‘ðŸ‘,1
ì•„ë¦¬ë”°ìš°ì‹ ,1
ìžì•Œìƒê²¼ë‹¤ !,1
ìŠ¤íŠ¸ë¼ì´í”„ ì…”ì¸ ê°€ ì•„ì£¼ í¬ì¸íŠ¸ë¡œ ì œê²©ì´ë„¤ìš”ðŸ˜†ðŸ¤,1
ë¯“ìŸì´ ì•„ë¶€ì§€ ë˜ ë“±ìž¥í•˜ì…¨ë‹¤ìš”ðŸ‘ðŸ‘ðŸ‘ðŸ‘,1
ìº¬~ ì†Œë§¤ ê±·ì–´ì˜¬ë¦¬ê³  ì¶œê·¼í•˜ì‹œëŠ” ë’·ëª¨ìŠµ ì •ë§ ë„ˆë¬´ ë©‹ì§€ì„¸ìš”ðŸ‘ðŸ‘ðŸ‘,1
ðŸ‘ðŸ‘ðŸ‘,1
.,1
ìŠ¬ëž™ìŠ¤ ì¹¼ì£¼ë¦„ê³¼ í• ìµœê³ . ë”ìš´ë° ì˜¤ëŠ˜ë„ ìˆ˜ê³  ë§Žìœ¼ì…¨ì–´ìš”ðŸ˜,1
ìŠ¬ëž™ìŠ¤ì— ë”ìš± ìž˜ì–´ìš¸ë¦¬ëŠ” ì…”ì¸ ì™€ ìŠˆì¦ˆê¹Œì§€ ìžˆì–´ì„œ ë”ìš± ì›Œì»¤ì›¨ì–´ ëŠë‚Œì— ë©‹ì§!ì´ ê°™ì´ ìžˆëŠ” ì½”ë””ë¼ ë”ìš± ì¢‹ì€ê±¸ìš”!?ðŸ˜Ž,1
ê¹”ë”ëŒ„ë””ë£©ì—ëŠ” ì—­ì‹œ ë„¤ì´ë¹„ê°€ ìµœê³ ë„¤ìš”ðŸ˜„ðŸ‘ ì…”ì¸  í•ë„ ë„ˆë¬´ ì´ë»ìš”âœ¨ï¸âœ¨ï¸ðŸ’«,1
í¬ í´ëž˜ì‹ë£© ë„ˆë¬´ ì´ì˜ë„¤ìš” ðŸ˜ ðŸ‘,1
ìŠ¬ëž™ìŠ¤ í•ì´ ì§„ì§œ ì˜ˆì˜ë„¤ìš”ðŸ”¥ðŸ”¥,1
í…Œì´í¼ë“œí• ìŠ¬ëž™ìŠ¤ ë„ˆë¬´ ìž˜ ì–´ìš¸ë ¤ìš”!!ðŸ˜,1
ë¡œí¼ê¹Œì§€ ì™„ë²½í•˜ë‚´ìš”ðŸ™Œ,1
ê¹”ë”ðŸ™ŒðŸ™Œ,1
ìŠ¬ëž™ìŠ¤ ì½”ë””ì´ë»ìš” ðŸ‘ðŸ‘ðŸ”¥,1
ë ˆë”ë´„ë²„ìžì¼“ ë„˜ ì´ìœë°ìš”?ðŸ˜³ðŸ‘ ë¹¨ë¦¬ ê°€ì„ë˜ì„œ ìž…ê³  ë‚˜ê°€ì‹ ê±° ë³´ê³ ì‹¶ì–´ìš”ðŸ˜†ðŸŽ‰ ë°”ì§€í•ë„ ë„˜ ì´ì˜êµ¬ ë¹„ìœ¨ ìµœê³ ì—ìš”âœ¨ï¸ðŸ’«,1
ë´„ë²„ìžì¼“ ë¸”ëž™ì´ëž‘ ë¸Œë¼ìš´ ì „ë¶€ ë‹¤ ì˜ˆìœë°ì—¬!? í•ë„ ë©‹ì§€êµ¬ ê°€ê²©ë„ ë°˜ê°’ìœ¼ë£¨ ì €ëŸ„í•˜ê²Œ ê²Ÿí•˜ì…¨ë”°ë‹ˆ ê°€ì„ì½”ë”” ë“ ë“ í•˜ì‹œê² ì–´ìš”ðŸ˜†ðŸ‘,1
ì›ëž˜ ì—­ì‹œ ì—­ì‹œì¦Œìœ¼ë¡œ ì‚¬ì•¼ ì§€ëŒ€ë¡œì£  ðŸ”¥ðŸ”¥,1
ì½”ë”” ì¢‹ê³  ë„ˆë¬´ ì´ì˜ë„¤ìš” ðŸ‘,1
ì—­ì‹œ ì‡¼í•‘ì€ ì—­ì‹œì¦Œì´ ì ¤ í•©ë¦¬ì ðŸ˜†,1
ìžì¼“ ë„ˆë¬´ ìž˜ ë§¤ì¹˜í•˜ì…¨ëŠ”ë°ìš”!!!ðŸ”¥,1
"ìº¬,, í¬ë¡­í•œ ë””ìžì¸ì˜ ì•„ìš°í„°ê°€ ëŒ€ê°œ ìž˜ ì–´ìš¸ë¦¬ì‹œëŠ”ë°ìš”!!",1
FWë¥¼ ì¤€ë¹„í•˜ëŠ” ìžì„¸ðŸ”¥ðŸ”¥ ë„ˆë¬´ ë©‹ì§„ ë ˆë”ì¸ë°ìš”ðŸ˜,1
í¬!! ì½”ë””ì°¸ ê¹”ë”í•˜ê²Œ ë©‹ê¹”ë‚©ë‹ˆë‹¤ ðŸ˜€,1
ìžì¼“ ë„ˆë¬´ ë©‹ì§‘ë‹ˆë‹¤ðŸ‘ðŸ‘,1
ìžì¼“ì´ëž‘ ì‹ ë°œ ì°°ë–¡ì´ë„¤ìš”â˜ºï¸ðŸ‘,1
íŒ¬ì¸ í•ì´ ìž¥ë‚œì—†ë„¤ìš” ã„·ã„· ì†Œí™”ë ¥ë¬´ì—‡!?,1
ë ˆë”ëŠ” ë¬´ì¡°ê±´ ë¸”ëž™ì´ë¼ ìƒê°í–ˆëŠ”ë° ë¸Œë¼ìš´ë„ ë„ˆë¬´ ì´ì˜ë„¤ìš”!! ðŸ¤Ž,1
.,1
ì½”ë”” ë„˜ë‚˜ ì·¨í–¥ì¸ê²ƒðŸ˜,1
ðŸ’š,1
ì¹´í‚¤íŒ¬ì¸  ë¬´ì¡°ê±´ ì±™ê²¨ë‘ê¸° ðŸ”¥ðŸ”¥,1
íŒ¬ì¸  ìƒ‰ê° ì™„ì „ ì·¨í–¥ì €ê²©ì´ì—ìš” >_<,1
íŒ¬ì¸  ìƒ‰ê°ë„ ì´ìœë° ê¹”ë”í•œ í•ê¹Œì§€ ë„˜ ë§¤ë ¥ì ì´ë„¤ìš”!! ê¾¸ì•ˆê¾¸ ëŠë‚Œìœ¼ë¡œ ì½”ë””í•´ì£¼ì‹  ì„¼ìŠ¤ê¹Œì§€ ì™„ë²½í•œê±¸ìš”-!-!ðŸ‘ðŸ¼â­ï¸,1
íŒ¬ì¸  ìƒ‰ê°ë„ ì˜ˆì˜ê³  í•ë„ ì¢‹ìœ¼ì„¸ìš”ðŸ‘,1
"ë²„í‚·í–‡ë„ ìž˜ì–´ìš¸ë ¤ë²„ë¦¬ì‹œëŠ”,,ðŸ˜",1
íŒ¬ì¸  í• ë„ˆë¬´ ì¢‹ì•„ìš”!! ì½”ë”” ì˜ˆì˜ë„¤ìš”ðŸ˜,1
ì˜¤ ì¹´í‚¤ ìƒ‰ê° ì§„ì§œ ì˜ˆë»ìš”!!,1
í…Œì´í¼ë“œ í•ì´ ì´ë ‡ê²Œ ë§¤ë ¥ì ì´ì—‡ë‚˜ìš”ðŸ˜ðŸ˜,1
íŒ¬ì¸ í• ë˜ê²Œ ê¹”ë”í•˜ê³  ì´ìœë°ìš”ðŸ˜,1
íŒ¬ì¸  ê·€ì—¬ìš´ë°ìš”ðŸ‘Š,1
ë¬´ì‹¬í•˜ê²Œ ë¡¤ì—…í•œê²ƒì´ ë½€ì¸íŠ¸ðŸ˜ðŸ‘,1
íŒ¬ì¸  í• ì´ì˜ë„¤ìš”ðŸ‘,1
íŒ¬ì¸ ìƒ‰ê° ë„ˆë¬´ ì¢‹ìœ¼ì‹­ë‹ˆë‹¤ðŸ”¥ðŸ‘,1
ðŸƒ,1
"ìº¬,, ìš” íŒ¬ì¸  í• ëŒ€ê°œ ì´ì˜ì‹œë‹¤,, í•ì´ ë„ˆë¬´ ì¢‹ìœ¼ì…”ì„œ ê·¸ëŸ¬ì‹ ê±´ê°€,,ðŸ˜â¤ï¸",1
ë’·ë°´ë”© ë¬´ì¡°ê±´ðŸ”¥ðŸ”¥,1
"ì˜¤ì˜¤ðŸ˜ ì œê°€ ë”± ì›í•˜ëŠ” í•ê°,,ðŸ”¥ë„ˆë¬´ ì´ì˜ë„¤ìš”ðŸ‘ðŸ‘",1
ì˜¤ì˜¤ ìš”ë°”ì§€ ì¹´í‚¤ì»¬ëŸ¬ë„ ë„ˆë¬´ ì´ì˜ë„¤ìš”! ë™ê±´ë‹˜ì´ ìž…ì–´ì£¼ì‹œë‹ˆ í• ê¹”ë”í•˜ë‹ˆ ë„ˆë¬´ ì¢‹ê³  ìžì—°ìŠ¤ëŸ° ë©‹ì´ ë‚œë‹¬ê¹Œìš”! ðŸ¤©âœ¨âœ¨,1
íŒ¬ì¸  ìƒ‰ê°ì´ ë„˜ë„˜ ì´ë¿ë°ìš”ðŸ˜,1
íŒ¬ì¸ ìƒ‰ê° ì´ì˜ë„¤ìš”ðŸ‘,1
"íŒ¬ì¸  ê¸°ìž¥ê° ë„˜ ì¢‹ìš´ ê±¸ìš” ,,,,ðŸ˜®",1
íŒ¬ì¸  ë„˜ ìž˜ì–´ìš¸ë ¤ìš”,1
ë°”ì§€ ê¹”ë”í•˜ë‹ˆ ì´ì˜ë„¤ìš”ðŸ™ŒðŸ™ŒðŸ™Œ,1
ã…Žã…Žã…Ž ì™„ì „ ì‹œì›í•œ ëŠë‚Œì˜ ë£©ìž…ë‹ˆë‹¤ðŸ˜,1
í¬ìœ¼~~ íŒ¬ì¸  ìƒ‰ê°ê³¼ í•ì´ ë„ˆë¬´ ì¢‹ìŠµë‹ˆë‹¤ðŸ˜ðŸ”¥ðŸ”¥ðŸ”¥,1
íŒ¬ì¸  ì´ì˜ë„¤ìš”ðŸ™Œ,1
ì½”ë”” ë„ˆë¬´ ì´ì˜ë„¤ìš”ðŸ˜®,1
ì˜¤ ì €ëŠ” ì´ê±° ë² ì´ì§€ ë°›ì•˜ëŠ”ë° ë„ˆë¬´ ì´ë»ìš”ðŸ’™ðŸ’™,1
â›³,1
ðŸ·,1
ë°”ì§€í• ë„ˆë¬´ ì˜ˆë»ìš”ðŸ”¥ðŸ”¥ ì¦ê±°ìš´ ì£¼ë§ ë³´ë‚´ì„¸ìš”!,1
ì§„ì§œ ë³¼ ë•Œë§ˆë‹¤ ë‚¨ì¹œë£© ì •ì„ì´ì‹ ê²ƒ ê°™ì•„ìš” ã… ã… ðŸ”¥ ì£¼ë§ì€ ì™œì´ë¦¬ë¹¨ë¦¬ì§€ë‚˜ê°€ë‚˜ìš”ã… ã… ã… ã…  ì˜¤ëŠ˜ì½”ë””ë„ ìµœê³±ë‹ˆë‹¹ðŸ”¥,1
ì €ë„ ì´ëŸ° í…Œì´í¼ë“œ í• ë°ë‹˜ì—ëŠ” ì–„ìŒí•œ ë¡œí¼ë‚˜ ë”ë¹„ê°€ ì¢‹ë”ë¼êµ¬ìš”ðŸ˜ ì—­ì‹œ ë´‰ë´‰ë‹˜ðŸ‘ðŸ»ðŸ‘ðŸ» í°ì²­ ì¡°í•©ì€ ë§ëª¨â˜ºï¸,1
ë°ë‹˜ í• ë„˜ ì¢‹ë„¤ìš” âœ¨,1
í¬ ì˜¤ëŠ˜ë£© ë„˜ ì„¹ì‹œí•œë°ìš”!! ë°˜í•˜ê³  ê°‘ë‹ˆë‹¤ðŸ˜ðŸ˜,1
í…Œì´í¼ë“œ í•ë„ ì°°ë–¡ê°™ì´ ìž˜ ì–´ìš¸ë¦¬ì‹œê³  ëª¨ë¸ì´ ë‹¤í–ˆë‹¤ðŸ‘ðŸ‘,1
ìº¬ í…Œì´í¼ë“œí• ì €ëŠ” ì´ì œ ë¶ˆíŽ¸í•´ì„œ ìž…ì„ ì—„ë‘ê°€ ì•ˆë‚˜ëŠ”ðŸ˜®,1
í…Œì´í¼ë“œí•ì´ëž‘ ë¶€ì¸  ì¡°í•© ë„ˆë¬´ ì„¹ì‹œí•œë°ìš”ðŸ–¤ðŸ–¤,1
ë°ë‹˜ ìƒ‰ìƒë„ í•ë„ ì˜ˆì˜ê²Œ ìž˜ë‚˜ì™”ë„¤ìš”~ðŸ”¥,1
í…Œì´í¼ë“œ í• ê¹”ë”í•˜ê³  ë§¤ë ¥ìžˆë„¤ìš” ðŸ”¥ðŸ”¥,1
ë°ë‹˜ ì»¬ëŸ¬ê° ë„˜  ì´ì˜ë„¤ìš”ðŸ”¥,1
ë´‰ë´‰ë‹˜ì˜ í…Œì´í¼ë“œ í• ë„ˆë¬´ ë©‹ì ¸ìš”ðŸ¥¹ðŸ’™,1
í• ë„ˆë¬´ ì¢‹ë‹¤ ..ðŸ”¥,1
ì´ë ‡ê²Œ ìŠ¬ë¦¼í•œ í•ê°ë„ ì™„ì „ ë§¤ë ¥ì ì´ì£ ðŸ”¥ í”¼ì§€ì»¬ì´ ì›Œë‚™ ì¢‹ìœ¼ì‹œë‹ˆðŸ‘ðŸ‘ ë‹¨í™”ëž‘ ë²¨íŠ¸ê¹Œì§€ ðŸ’¯,1
.,1
.,1
ì¢‹ì•„ìš” ëˆ„ë¥´ê³  ë„ë§ê°€ì—¬ :),1
ì¢‹ì•„ìš” ëˆ„ë¥´ê³  ë„ë§ê°‘ë‹ˆë‹¹ :):),1
ë¦¬ë°”ì´ìŠ¤ 550 ì •ë§ ë§¤ë ¥ìžˆì–´ìš”. ðŸ”¥ðŸ”¥ðŸ”¥,1
ðŸ™Œ,1
ðŸ™Œ,1
ìƒì˜ ë¯¼ì†Œë§¤ #ë¸Œë¼í¬ë¡­íƒ‘ê·€ê±¸ì´ #ë³¼ë§ì‹¤ë²„ì´ì–´ë§ê°€ë°© @zaraì‹ ë°œ @birkenstock,1
ëŠ˜ ë„ˆë¬´ ë©‹ì ¸ìš”......ì •ë§ ë©‹ì ¸ìš”ã… ã… ,1
ë…ì¼êµ°ì€ ì§„ì§œ ìœ í–‰ì•ˆíƒ€ê³  ì–¸ì œë“ ì§€ ì´ìœ ì•„ì´í…œì´ë„¤ìš”!ðŸ˜†ðŸ˜†â˜”ï¸,1
ì € ìŠ¤ë‹ˆì»¤ì¦ˆë¥¼ ë…ì¼êµ°ì´ë¼ê±° ë¶€ë¥´ëŠ”êµ°ìš©ã…Žã…Žã…Ž ìƒ‰ê°ì¡°í•©ì´ ë„ˆë¬´ ì¢‹ì•„ì„œ ìž…ìœ¼ë©´ ê¹”ë”í•˜êµ¬ ì˜ˆì  ê²ƒ ê°™ì•„ìš”!!,1
ë…ì¼êµ°ì€ ë”± ë°ì¼ë¦¬ë¡œ ì‹ ê¸° ë„ˆë¬´ì¢‹ì£µðŸ”¥,1
ìš”ëŸ° ìƒ‰ê° ë”±ì¡°ì€ë°ì—¬!!!,1
ìŠ¤íƒ€ì¼ë§ íŽ¸ì•ˆí•˜ê³  ë©‹ìŠ¤ëŸ½ë„¤ìš”ðŸ‘,1
ê¹”ê¼¼í•œ ë…ì¼êµ° ì½”ë””ëŠ” ì–¸ì œë‚˜ ì˜³ë„¤ìš”ðŸ˜,1
í¬.. ë…ì¼êµ° ë„ˆë¬´ ì¢‹ì£ ..!ðŸ”¥,1
ì´ëŸ° ìŠ¤ë‹ˆì»¤ì¦ˆë¥¼ ë…ì¼êµ°ì´ë¼ê³  í•˜ëŠ”êµ°ìš”ðŸ˜®ðŸ˜®ðŸ”¥ðŸ”¥ ìƒˆë¡œìš´ê±¸ ë°°ì›Œê°‘ë‹ˆë‹¤ðŸ˜‰ðŸ‘ðŸ’–âœ¨ ê¹”ë” ì½”ë”” ë§¤ì¹­ì´ë„¤ìš”â¤ï¸â¤ï¸â¤ï¸,1
ë…ì¼êµ° í™œìš©ë„ ì§±ì´ì£ ðŸ”¥ðŸ”¥,1
ë…ì¼êµ° êµ­ë£°ì´ì£ !!ðŸ¤—,1
ë¯¸ë‹ˆë©€ðŸ˜,1
ì—¬ë¦„ì—” ë…ì¼êµ°ì´ì£  ã…Žã…Ž ì—­ì‹œ ë­˜ ì¢€ ì•„ì‹œë„¤ìš©!!ðŸ‘ðŸ»ðŸ‘ðŸ»,1
ê¹”ë”ë£©ì— ì—­ì‹œ ë…ì¼êµ°ì´..â¤ï¸ ì½”ë”” ì¡°í•© ë©‹ì§‘ë‹ˆë‹¤ðŸ˜,1
ë°”ì§€ìƒ‰ê° ë„˜ ì˜ˆì˜ë„¤ìš” ì‹ ë°œì´ëž‘ ìž˜ì–´ìš¸ë ¤ìš”ðŸ‘,1
ë…ì¼êµ° ê¹”ë”í•˜ë‹ˆ ë„ˆë¬´ ì´ì˜ì ¸ðŸ¤Ž,1
#ìŠ¬ëž™ìŠ¤ #í…Œì´í¼ë“œí• #ìŠ¬ëž™ìŠ¤ì½”ë”” #ë¦°ë„¨ìŠ¬ëž™ìŠ¤ #9ë¶€ìŠ¬ëž™ìŠ¤,1
ì•„í‚¤í´ëž˜ì‹ ëª¨ë¸ì´ë„¤  â¤ï¸ðŸ˜ ë„˜ ì´ë»ì„œ ì–¸ë‹ˆë„ ì‚¬ê³ ì‹¶ë„¤ â¤ï¸â¤ï¸â¤ï¸â¤ï¸â¤ï¸,1
ìš°ì™€ ì €ë„ ì§€ê¸ˆ í™ì²œì¸ë°â¤ï¸â¤ï¸â¤ï¸ íí ë°”ì§€í• ë„˜ ì˜ˆì˜ê³  íŽ¸í•´ë³´ì´ë„¤ìš”ðŸ˜ðŸ˜ðŸ˜,1
êº„ ë£©ì´ ê·€ìš¤ê·€ìš¤ ìœ ì¹˜ë¶€ ì•„ì´ê°™ì•„ìš” ðŸ‘ðŸ‘ðŸ‘,1
ì§€ìœ¤ë‹˜ ì¹´ëˆ„ëª¨ë¸í•´ë„ ë˜ê² ì–´ìš”ðŸ¤­ê°•ë³´ë‹ˆ ë¹ ì§€ ê°€ê³  ì‹¶ì–´ì§€ëŠ”ë°ìš”ðŸ˜†,1
í—ˆë¦¬ê°€ í•œì¤Œì´ì•¼â€¦ðŸ˜®â¤ï¸,1
í¬~~ë¶„ìœ„ê¸°ê°€ í™˜ìƒì ì´ë„¤ìš”!!ðŸ‘ðŸ‘,1
ì™¼ì „ íŽ¸í•´ë³´ì´ëŠ”ë°? ðŸ˜,1
ë…¸ì¢€ ì €ìœ¼ì‹œë‚˜ìš”?ðŸ˜®,0
â™¥,1
ë¶„ë°œí•˜ìž,1
ì´ì•¼ ã…‹ã…‹ã…‹ã…‹ëª¨ë¸í•´ë„ë˜ê² ì–´ ã…‹ã…‹ã…‹ã…‹,1
íŒ¬ì¸  ì´ì˜ë„¤ì—¬ ã…Žã…Ž,1
ë°ì¼ë¦¬í•œ ë¬´ë“œ ë„ˆë¬´ ì¢‹ë„¤ìš”!,1
ë¯¸ë‹ˆë©€í•œ ëŠë‚Œ ë¿œë¿œì¸ê±¸ìš”?!âœ¨,1
"ì €ë„ ì´ëŸ° ì¹˜ë…¸ ìž˜ ì†Œí™”í•´ë³´ê³  ì‹¶ë„¤ìš”,, í•œ ë²ˆ ì°¾ì•„ë³´ê³  ì‚¬ì•¼í•˜ë‚˜!! ë„ˆë¬´ ì˜ˆë»ìš”ðŸ”¥",1
í¬ì¦ˆ ë„˜ ê·€ì—¬ìš°ì‹œêµ¬ ê·¸ë¦°ê³¼ ë² ì´ì§€ ì¡°í•©ì˜ ì½”ë”” ì˜ˆë»ìš©ðŸ™ŠðŸ”¥,1
ã…‹ã…‹ã…‹ ì—¬ê¸°ì„œ ì™œ ì´ëŸ¬ì‹¬ê¹Œ,1
ã…Žã…Žã…Žìž¥ê¾¸ë£© ì½”ë”” ë„˜ ì˜ˆë¿Œìš”ðŸ”¥,1
ì½”ë‹¤ ìƒ‰ì¡°í•© ì™„ì „ ê¹”ë”í•˜ê³  ì´ìœë°ìš”ðŸ’šðŸ¤,1
ìƒ‰ê° ë„ˆë¬´ ì˜ˆì˜ìž–ì•„ìš”ðŸ’šðŸ€ðŸ€,1
ì»¬ëŸ¬ê°ì´ ì´ë¿Œë„¤ìš©ðŸ˜®,1
íŒ¬ì¸  í• ì˜ˆì˜ë„¤ìš” ðŸ‘ðŸ»ðŸ‘ðŸ»,1
ì½”ë””ê°€ ë„ˆë¬´ ì˜ˆì˜ì„¸ìš” ã…Žã…Ž ë°´ë”©ì´ë¼ ë„˜ íŽ¸ì•ˆí•´ë³´ì—¬ìš”ðŸ˜,1
ì½”ë””ê°€ ë„ˆë¬´ ì˜ˆì˜ì„¸ìš” ã…Žã…Ž ë°´ë”©ì´ë¼ ë„˜ íŽ¸ì•ˆí•´ë³´ì—¬ìš”ðŸ˜,1
ìš” ìƒ‰ê°ë„ ë„˜ ì˜ˆì˜ë‹¤ì—¬ðŸ«¶,1
í„±ì´ ìž¡ížŒê±°ëž‘ ìƒ‰ê°ì´ ë„˜ ì´ìœ íŒ¬ì¸ ë„¤ìš”ðŸ˜ ê·¸ë¦°ìƒ‰ ìƒì˜ëž‘ ë§¤ì¹˜í•˜ì‹  ê²ƒë„ ë„˜ ì´ì©ë‹ˆë‹¹ðŸ‘ðŸ‘,1
ë„ ì½”ë”” ë„˜ ì˜ˆìœë°ìš¤ðŸ€,1
ì»¬ëŸ¬ê°ì´ ë„˜ ì´ë»ìš© ðŸ˜„ íŒ¨ì…˜ ì†Œí†µ ê°€ëŠ¥í• ê¹Œìš”,1
ìŠ¤íŠ¸ë¼ì´í”„ ë§Œì‰â˜ºï¸,1
ìŠ¤íŠ¸ë¼ì´í”„ëŠ” í•­ìƒ ì„±ê³µì  ..! ðŸ‘ŠðŸ» ì°©ìš©ìƒ· ê¶ê¸ˆí•´ìš© ã…Žã…Žã…Ž,1
ìŠ¤íŠ¸ë¼ì´í”„ëŠ” ì‹¤íŒ¨ì—†ì¥¬!!ðŸ˜†,1
ê¹”ë”í•œ ë‚¨ì¹œë£©ìœ¼ë¡œ ë”±ì´ë„¤ìš”ðŸ‘ðŸ˜®,1
ìƒ‰ê° ì¡°í™” ë„˜ ì˜ˆì˜ë„¤ìš”ðŸ˜®ðŸ‘ðŸ‘,1
ìŠ¤íŠ¸ë¼ì´í”„ ì½”ë”” ë„ˆë¬´ ë°°ìƒ‰ ì¢‹ì€ë°ìš”?! ì°©ìƒ· ê¸°ëŒ€í• ê²Œìš”!!ðŸ”¥,1
ìŠ¤íŠ¸ë¼ì´í”„ ê¸´íŒ”ì€ ì €ë„ ìžì£¼ ì• ìš©í•˜ëŠ” ì˜·ì¸ë° ë­ ìž…ì„ì§€ ëª¨ë¥¼ ë•Œ ë§‰ ìž…ê³  ë‚˜ê°€ê¸°ì— ë”±ì¸ ê²ƒ ê°™ì•„ìš” ã…‹ã…‹,1
ìŠ¤íŠ¸ë¼ì´í”„ ë”± ìž…ê¸° ì¢‹ì£ ðŸ”¥,1
ìŠ¤íŠ¸ë¼ì´í”„ ë„˜ì¢‹ì£  ã…Žã…Žã…ŽðŸ‘ðŸ‘,1
ì´ê±°ìž…ê³  ë°ì´íŠ¸= ì„±ê³µì ðŸ˜,1
ì œê°€ ì œì¼ ì¢‹ì•„í•˜ëŠ” ìŠ¤íŠ¸ë¼ì´í”„ ì½”ë””â¤ï¸,1
ì§„ì§œ ê¾¸ì•ˆê¾¸ ì •ì„ì´ì‹œë„¤ìš”ðŸ˜†,1
ìš”ì¦˜ ìž…ìœ¼ì‹œëŠ” í…Œì´í¼ë“œ í• ë°”ì§€ë¥˜ë“¤ì´ ì „ë¶€ë‹¤ ì´ìœê±°ê°™ì•„ìš” ðŸ˜,1
ê°„ë‹¨í•˜ê²Œ ì½”ë””í•˜ì…”ë„ ì§„ì§œ ë„˜ ë©‹ì§€ì‹œê³  ê¹”ë”í•˜ê³  ìµœê³ ì—ìš©ðŸ™ŠðŸ”¥âœ¨,1
í…Œì´í¼ë“œ í•ê° ë„ˆë¬´ ì·¨ì €ì—ì—¬ðŸ˜,1
íŒ¬ì¸  í• ì´ì˜ë„¤ìš”ðŸ”¥,1
ì‹¤ë£¨ì—£ìœ¼ë¡œ ìŠ¹ë¶€ë³´ëŠ” ì°©ìž¥ í¬ðŸ”¥,1
ì½”ë”” ì§± ì´ë¿Œë„¤ìš©ðŸ˜®,1
í¬ ë”ë¹„ ë§¤ì¹˜ê¹Œì§€ ë§¤ë ¥ìžˆë„¤ìš”ðŸ”¥,1
ë‹´ë°±í•˜ë‹ˆ ì¢‹ì•„ì˜â¤ï¸,1
í• ì¢‹ë„¤ìš©ðŸ™ŒðŸ™Œ,1
ê¹”ë”í•˜ë„¤ìš”,1
ðŸ”¥ðŸ”¥,1
ê¹”ë”í•œ ë‚¨ì¹œë£©ì˜ ì •ì„ ìŠ¬ëž™ìŠ¤í• ë¯¸ì³¤ìŠµë‹ˆë‹¹ðŸŒŸ,1
ìŠ¬ë¦¼ì¼ìžì•¼ë§ë¡œ ê¸°ë³¸ì¤‘ã…ˆì—ê¸°ë³¸ì´ì£ ,1
ì™€ ìŠ¬ë ‰ìŠ¤ í• ì§„ì§œ ê¹”ë”í•˜ê³  ë”± ìŠ¬ë ‰ìŠ¤ì˜ ì •ì„ ëŠë‚Œì´ì—ìš”!ðŸ‘,1
ìŠ¬ëž™ìŠ¤í• ì´ìœë°ìš”.. ë‚ ì”¨ê°€ ì¢‹ì€ ë§Œí¼ ì¦ê±°ìš´ í•˜ë£¨ ë˜ì…”ìš”ðŸ˜„,1
ê·¸ë ˆì´ ìŠ¬ëž™ìŠ¤ í•„ìˆ˜ì£ !!ðŸ”¥ðŸ”¥,1
ì´ì˜ë„¤ìš©ðŸ˜®,1
ë² ì´ì§ì€ ì–¸ì œë‚˜ ìµœê³ ì£ ðŸ™Œ,1
ê¹”ë”í•œ í•ðŸ‘,1
ìŠ¬ëž™ìŠ¤ í•ì´ ì•„ì£¼ì•„ì£¼ ê³ ëƒ¥ ë¯¸ì³¤ë„¤ìš©ðŸ©¶,1
í• ì˜ˆì˜ë„¤ìš”ðŸ˜„ðŸ‘ðŸ»ðŸ‘ðŸ»ðŸ’¯,1
ìº¬ ê·¸ë ˆì´ ìŠ¬ë ‰ìŠ¤ ë„˜ ì´ë¿Œë„¤ìš”..,1
ê¸°ë³¸ ìŠ¬ëž™ìŠ¤ëŠ” ë¬´ì¡°ê±´ì´ì£µ ! ê·¸ ì¤‘ì—ì„œ í•ì´ ì ¤ ì¤‘ìš”í•œë° í•ì´ ë„˜ ê¹”ë”í•œë°ìš” ðŸ«£,1
ìŠ¬ëž™ìŠ¤í•ì´ ë‚˜ì´ìŠ¤í•˜ë„¤ìš”!!ðŸ‘,1
ì—¬ë¦„ì—ë„ ì´ëŸ° í•ì´ ê¹”ë”í•˜ë‹ˆ ì´ì˜ë”ë¼êµ¬ìš”ðŸ‘ðŸ‘,1
í•„ìˆ˜í’ˆðŸ‘ íšŒìƒ‰ ì§„ì§œ ì´ìœë“¯ìš”,1
ðŸ”¥ðŸ”¥ðŸ”¥,1
Me encanta el bolso,1
#ì²­ë°”ì§€ #ì²­ë°”ì§€ì½”ë”” #ë°ë‹˜íŒ¬ì¸  #ë°ë‹˜ì½”ë”” #ì—¬ë¦„ì½”ë”” #ë‚¨ìžì½”ë””,1
ì›€ì§ì¼ ë•Œ íŽ¸í•œ ë°”ì§€ê°€ ìµœê³ ì§€ì´ðŸ˜ŠðŸ’›,1
ì•„í‚¤í´ëž˜ì‹ ë„˜ ê¶ê¸ˆí•˜ë‚´ìš” í•ë„ ë„ˆë¬´ì˜ˆë»ìš”â¤ï¸,1
"ì‹¬í”Œí•˜ë‹ˆ ë„˜ ì´ë½€ìš”.,â¤ï¸",1
í…Œì´í¼ë“œí• ì €ë„ ì¢‹ì•„í•˜ëŠ”ë° í—ˆë²…ì§€ë‚˜ ì—‰ë©ì´ëŠ” ì—¬ìœ ìžˆê³  ì¢…ì•„ë¦¬ëŠ” ìŠ¬ë¦¼í•˜ê²Œ!! ìš´ë™ìš©ìœ¼ë¡œ ë”±ì´ì£ ðŸ˜ŽðŸ‘‹ðŸ‘,1
í…ì…˜ì¢‹ì€ ë°”ì§€ëŠ” ì—¬ë¦„ì²  í•„ìˆ˜í’ˆì´ì£ !! ë„˜ ìž˜ì–´ìš¸ë ¤ìš©>_<,1
ì˜¤ ì € ì—¬ê¸° ì‹ ë°œë§Œ ì•Œì•˜ëŠ”ë° ì˜·ë„ ê´œì°®ë‚˜ë´ìš” ðŸŒ,1
í—¬ìŠ¤ìž¥ê°€ì„œ ìž…ì–´ë„ ì•ˆì„±ë§žì¶¤ì´ê² ë„¤ìš”ðŸ’¯,1
íŠ¸ë ˆì´ë„ˆìŒ¤ ê°™ì•„ìš” ã…Žã…ŽðŸ˜‚ðŸ˜‚,1
ìŠ¤íŠ¸ë¦¿ë¬´ë“œðŸ”¥ðŸ”¥ðŸ”¥ ì•„ì‹œëŠ”ë¶„ ðŸ‘,1
ìž˜ ì§€ë‚´ì‹œì£ ?ðŸ”¥,1
bro ðŸ”¥ðŸ”¥,1
íž™í•˜êµ°ìš”ðŸ”¥ðŸ”¥,1
ìŠ¤íŠ¸ë¦¿í•œ ë®¤ë“œ ë„ˆë¬´ ì¢‹ìžë‚˜ë£ŒðŸ”¥,1
í•ê° ë„˜ ì´ë»ìš”ðŸ˜ðŸ˜ ì¦ê±°ìš´ ì£¼ë§ ë³´ë‚´ì„¸ì—¬ðŸ˜,1
ìº¬ ì•„ì´í…œë“¤ ë‹¤ ìŠ¤íŠ¸ë¦¿í•œë¬´ë“œ ì™„ì „ ì¢‹ì•„ìš”ðŸ”¥ðŸ”¥,1
ë°”ì§€ ë§›ë„ë¦¬êµ¬ì—¬ðŸ”¥,1
ì¹´ëª¨ ë„˜ ì˜ˆì˜ë„¤ìš”ðŸ˜,1
ë’·ë©´ í”„ë¦°íŒ… ë­ ì˜í™” ëë‚ ë•Œ ë‚˜ì˜¤ëŠ”ê±´ì¤„ ì•Œì•˜ì•„ìš”,1
í¬ìœ¼ðŸ‘ðŸ‘,1
ì½”ë””í•˜ë‚˜í•˜ë‚˜ ë‹¤ ê¹”ë”í•´ìš”ðŸ™Œ,1
ë²™ê±°ì§€ ëª¨ìžë„ ë„˜ ì°°ë–¡ìœ¼ë¡œ ìž˜ ì–´ìš¸ë¦¬ì‹œêµ¬ ì¼€ì´ìŠ¤ ìžƒì–´ë²„ë¦¬ì…¨ë‹¤ë‹ˆã…œã…œã… ã… ã…  ìž‰ã…  ì†ìƒí•˜ì‹œê² ì–´ìš©ðŸ¥º,1
ë¯¿ê³  ë³´ëŠ” ì‹œí‹°ë³´ì´ ìž¥ì¸ðŸ˜,1
ëª¨ìž ë„ˆë¬´ ìž˜ ì–´ìš¸ë ¤ìš”!!ðŸ˜ ì•„ë‹ˆ ì¼€ì´ìŠ¤ ì–´ì©Œë‹¤ê°€ ðŸ˜‚ ë§˜ ì•„í”„ë„¤ìš©,1
ë°ë‹˜ ë²„í‚·í–‡ ë„˜ ê·€ì—½ê³  ìž˜ ì–´ìš¸ë¦¬ì„¸ìš”ðŸ˜†ðŸ‘,1
ì¼€ì´ìŠ¤ ë¶„ì‹¤ ì•ˆíƒ€ê¹ë„¤ìš”ðŸ˜­,1
ì¼€ì´ìŠ¤ ìžƒì–´ë²„ë¦° ê±´ ì¢€ ì†ìƒí•˜ë„¤ìš” ðŸ˜¢,1
ë²„ì¦ˆì¼€ì´ìŠ¤ ë¶„ì‹¤ì´ë¼ë‹ˆðŸ˜¢ðŸ˜¢ðŸ˜¢,1
ì˜¤ë²„í•œ ì…”ì¸ í• ëŠ  íž™í•˜ì‹œë‹¤!!,1
ë” ì˜ˆìœê±¸ë¡œ ì‚½ì‹œë‹¤!!! ê·¸ëŸ´ë¼ê³  ëˆë²ˆë“œì•„ì•„ðŸ˜‚,1
ëª¨ìž ë„˜ ê·€ì—½êµ¬ ì´ë»ìš©ðŸ˜ðŸ˜â¤ï¸,1
ì½”ë””ë¥¼ ë§í• ë ¤ë‹ˆ ë²„ì¦ˆì¼€ì´ìŠ¤ê°€ ì•ˆíƒ€ê¹êµ¬ë‚˜ðŸ‘€ðŸ’¦ðŸ’¦,1
ë‚œì´ë„ ê½¤ ë†’ì•„ìš”..ë²Œã…†í—ˆ,1
ì…”ì¸  ì´ì˜ë„¤ìš©,1
ì‹œí‹°ë³´ì´ë£©ã…Žã…Ž ë©‹ì§€ì‹­ë‹ˆë‹¤ðŸ”¥ðŸ”¥,1
ë” ì˜ˆìœê±¸ë¡œ ì‚½ì‹œë‹¤ 2222,1
ë°˜íŒ”í‹°ì´ë»ìš”ì˜¤ðŸ”¥ðŸ”¥ðŸ”¥,1
Dope broðŸ”¥ðŸ”¥ðŸ”¥,1
clean ðŸ”¥ðŸ”¥,1
ìŠ¤íŠ¸ë¦¿ë¬´ë“œ ì œëŒ€ë¡ ë°ìš”â¤ï¸â¤ï¸ðŸ™ŒðŸ”¥,1
í¬ íž™ ê·¸ìžì²´ë„¤ìš”ðŸ”¥ðŸ”¥,1
ìºíŠ¸ë¦¿ ë©‹ì ¸ì—¬ðŸ”¥,1
ì‹ ë°œíƒë‚˜ìš”,1
ë©‹ì§‘ë‹ˆë‹¤ðŸ’›ðŸ’™,1
ì˜¤ëžœë§Œì´ì–´ë¼ðŸ˜­ðŸ˜­ðŸ˜­ë¨¸ë¦¬ê°€ì•„ì¥¬ìƒì½¤í•´ì¡Œë„¤ì—¬ðŸ”¥ðŸ”¥ ë§ˆë‹ˆë°”ì˜ì‹ ê°€ë´ì—¬.ìžì£¼ì†Œì‹ì¢€ì „í•´ì¤˜ìœ ~~~~,1
ìš”ëŸ° ë°˜íŒ”í‹° ìžˆìœ¼ë©´ ì§„ì§œ ë“ ë“ í•˜ì£ !!,1
í”„ë¦°íŒ… ë„˜ ì˜ˆì˜ë„¤ìš”ðŸ”¥ðŸ”¥,1
ë°˜ê°€ìš´ ë¹ˆë‹˜ðŸ˜,1
í¬ ë°˜íŒ”í‹° ë„ˆë¬´ ì´ë»ìš”!!ðŸ”¥ðŸ™Œ,1
ì˜¤ ë“±íŒ ë„˜ ì´ë»ìš”ðŸ˜,1
ë¹ˆë‹˜ ì˜¤ì…¨ë‹¤!!!! í—¤ì–´ ì»¬ëŸ¬ë‚˜ ìŠ¤íƒ€ì¼ ì™„ì „ ìž˜ì–´ìš¸ë¦¬ì‹­ë‹ˆë‹¤!!!,1
"ì˜¤ì•— ë¬¸ëž˜ ì–´ë””ì‚¬ì‹œë‚˜ìš”! ì € ë‚¨ìžì¹œêµ¬ê°€ ë¬¸ëž˜ ì‚´ì•„ì„œ ì—„ì²­ ìžì£¼ê°€ëŠ”ë° ë§ˆì£¼ì¹˜ë©´ ì¸ì‚¬í•´ë„ ë˜ë‚˜ìš”!!ã…‹ã…‹ã…‹ã…‹ã…‹ã…‹ ë†ë‹´ìž…ë‹ˆë‹¤,, í¬ë¦¼ì§„ ì–´ìš¸ë¦¬ê¸° ì–´ë ¤ìš´ë° ë„˜ë„˜ ì˜ˆë»ì—¬!!!ðŸ‘",1
ì•„ ì •ë§...ë³¼ë•Œë§ˆë‹¤ ë©‹ì ¸ì§€ì‹œëŠ” ì´ ëŠë‚Œ ì•„ë‹Œ ëŠë‚Œì€ ë¨¸ì£ ,1
ë’¤ì— ë°°ê²½ë³´ë‹¤ ë” ë¯“ì§€ì‹­ë‹ˆëŒœðŸ˜ ì½”íŠ¼ìž¬ì§ˆì´ë¼ì†Œ ì—¬ë¦„ì— ìš” í¬ë¦¼ì§„ì— ìžì£¼ ì†ì´ ê°ˆê²ƒê°™ì€ðŸ”¥ðŸ”¥ ì‹œì›í•´ë³´ì´ë©´ì„œ ë„˜ë‚˜ ê¹”ê¼¼í•œ ê³ ë¤ˆ í¬ë¦¼ë°”ì§€êµ°ìš”ðŸ¤ðŸ¤ŽðŸ¤ðŸ¤ŽðŸ¤ðŸ¤Ž ì—­ì‰¬....ê°“ì˜ì¤€ëŠë‹˜ðŸ˜ ë°”ì§€í•ë„ ë‹ˆíŠ¸í•ë„ ë„˜ë‚˜ ì™„ë²½ì“°ðŸ–¤ðŸ¤ðŸ–¤ðŸ¤ðŸ–¤ðŸ¤,1
ì—¬ìœ½ì‹œ ëŒ„ì‹±í‚¹ ì˜ì¤€ë‹˜ðŸ•ºðŸ–¤âœ¨ ëŒ„ìŠ¤ì™€ ê·¼ìœ¡ìœ¼ë¡œ ë‹¤ì ¸ì§„ ìœ¡ì²´ë¡œ ë°”ì§€í•ì„ ë” ë‹ë³´ì´ê²Œ í•˜ì‹œëŠ”êµ°ìš¥ðŸ˜ðŸ˜!,1
ë¬¸ëž˜ë™ ì¡°ê°ìƒ ë³´ë ¤ë©´ ì–´ë””ë¡œ ê°€ë©´ ë˜ì£ ,1
"ì´ëŸ¬ë©´ ë˜ í¬ë¦¼ì§„ì„ êº¼ë‚´ì•¼ í•˜ìžë‚˜ìš”,,ðŸ’› ë¬¸ëž˜ë™ì˜ ìžëž‘ðŸ‘",1
í¬ë¦¼ì§„ ìƒ‰ê° ë„˜ ì˜ˆìœë°ìš” í•ë„ ë”±ì¢‹êµ¬ðŸ™Œ,1
ì˜¤í˜¸!! í¬ë¦¼ì§„ ì •ë§ ì´ì˜ë„¤ìš”!!ðŸ”¥ðŸ”¥ðŸ”¥ ì€ì€í•˜ê²Œ ë³´ì´ëŠ” ì£¼ë¦„ë„ ì´ì˜ê³  í•ê°ë„ í›Œë¥­í•©ë‹ˆë‹¤!ðŸ‘ðŸ‘ ë¸”ëž™&í™”ì´íŠ¸ ì¡°í•©ë„ ê·¼ë³¸ì´ì£ !!!ðŸ˜†ðŸ˜†ðŸ˜†,1
ì–´ìš° ì˜ì¤€ë‹˜ì˜ ì„¹ì‹œí•œ í•ê³¼ í¬ë¦¼ì§„ì´ ë§Œë‚˜ë‹ˆê¹Œ ìµ¸ ì„¹ì‹œë¡œ ì§„í™”ðŸ˜ðŸ˜,1
í¬ íŒ¬ì¸ í•ì´ ë„ˆë¬´ ì¢‹ìœ¼ì‹­ë‹ˆë‹¹,1
í¬ë¦¼ì§„ ìž˜ ì–´ìš¸ë¦¬ì‹œë„¤ìš” ì½”ë”” ë„ˆë¬´ ê¹”ë”í•˜ë„¤ìš”!,1
í¬ìœ¼ ë”± ê¹”ê¼¼í•˜ê²Œ ë–¨ì–´ì§€ëŠ” í…Œì´í¼ë“œí• ë„ˆëª¨ ë§¤ë ¥ì ì¸ê±¸ì—¬ðŸ˜ ë¼ìš´ë“œë‹ˆíŠ¸ëž‘ ìž…ì–´ì¥¬ë‹ˆ í›ˆí›ˆí•œ ë‚¨ì¹œë£© ì™„ì„±ì´ë„¤ìš©ðŸ‘âœ¨,1
ë¬¸ëž˜ ì™„ì „ ì¢‹ì•„í•˜ëŠ” ë™ë„¤ì¸ë° ðŸ˜®ðŸ˜®ë‹ˆíŠ¸ ë””ìžì¸ í¬ì¸íŠ¸ ë„ˆë¬´ ì¢‹ì€ë°ìš”ðŸ–¤ðŸ”¥ðŸ”¥,1
ì½”ë””ë„ íž™í•˜ê³  ìž¥ì†Œëž‘ë„ ìž˜ ì–´ìš¸ë ¤ìš”ðŸ”¥,1
í• ë„ˆë¬´ ì¢‹ìœ¼ì…”ðŸ˜ðŸ˜,1
ì–´ ì‚´ ë„ˆë¬´ ë§Žì´ ë¹ ì§€ì‹œë©´ ì•ˆë˜ìš” ê¼¬ë¡œë¯¸ë‹˜ðŸ˜µ ì—¬ë¦„ì—ëŠ” ì¡°ê¸ˆì€ ì—ë„ˆì§€ë¥¼ ê°€ì§€ê³ ìžˆì–´ì—¬ í•©ë‹ˆë‹¤ðŸ˜†âœ¨ðŸ”¥,1
ì˜¤ëŠ˜ë„ í•©ì„±ì¸ê°€ìš”?!,1
ì½”ë”” ë©‹ì ¸ìš”ðŸ”¥,1
ë² ì´ì§€ ì»¬ëŸ¬ê°ì´ ë„ˆë¬´ ì´ì˜ë„¤ìš”ðŸ¤ ë¬´ë‚œí•˜ê³  ë¶„ìœ„ê¸°ìžˆì–´ì„œ í‰ì†Œì— ìž…ê¸° ì¢‹ì„ ê²ƒ ê°™ì•„ìš”~ ì•žìœ¼ë¡œë„ ì´ìœ ì°©ìž¥ ìžì£¼ê³µìœ í•´ì£¼ì„¸ìš”,1
ê·¸ëŸ°ëŠë‚Œ ë¶€ëŸ½ë‹¤..,1
í¬ ë‹¨ì •í•œëŠë‚Œì˜ë£© ë„˜ ì¢‹ë„¤ì—¬:),1
ê¹”ë”í•œë£© ë©‹ì ¸ìš”ðŸ™‚,1
.,1
.,1
Nice outfit ðŸ”¥ðŸ”¥ðŸ”¥,1
ì˜¤ì™“,1
ðŸ‘–,1
ì‹¤ë£¨ì—£ ì—¬ìœ ë¡­ê³  ì¢‹ì€ê±¸ìš”ðŸ‘ðŸ‘,1
ì˜¤ ë°”ì§€ ì›ë‹¨ ìœ ë‹ˆí¬í•˜ë„¤ìš”ðŸ˜,1
ì›í„± ë””í…Œì¼ë¶€í„° ë°”ì§€ ì§ˆê°ê¹Œì§€ ë¹„ì¦ˆë‹ˆìŠ¤ìºì£¼ì–¼ì— ë„ˆë¬´ ìž˜ ì–´ìš¸ë¦¬ê² ë„¤ìš”!!,1
êµ­ë‚´ë¸Œëžœë“œë“¤ë„ ë„ˆë¬´ ìž˜í•˜ì£  ìš”ì¦˜ðŸ”¥,1
ê³ ê¸‰ìŠ¤ëŸ½ê¸°ê¹Œì§€í•œ ë¸Œëžœë“œë„¤ìš”!,1
í¬ ì´ ë°ë‹˜ ì§„ì§œ ë¬¼ê±´ì´ë„¤ìš”ðŸ”¥ðŸ”¥,1
ìº¬...! ì—¬ë¦„ì— ìž…ê¸° ì¢‹ì€ ë°ë‹˜ì´ë¼ë‹ˆ!!!ðŸ”¥ðŸ”¥ðŸ”¥,1
ì¼ë‹¨ ìž…ìœ¼ì‹¬ ë‹¤ ê³ ê¸‰ì ¸ë³´ìž„ðŸ‘,1
ì—­ì‹œ ìš©ì„ì´ëŠ” ðŸ”¥,1
"íŒ¬ì¸  ì§„ì§œ ì´ì˜ë„¤ìš”,,,,ë³´ìžë§ˆìž ì˜¤ ì´ì˜ë‹¤í–ˆìŠµë‹ˆë‹¤",1
ë°”ì§€ ì˜ˆì˜ë‹¤ íƒë‚œë‹¤,1
ì˜¤ì˜¤.. ë°”ì§€í• íƒìŠ¤ëŸ½ë‹¬ê¹Œìš”?,1
ê·¸ë§Œ ë©‹ìžˆì–´â€¦.,1
"ì €ëŠ” ì´ëŸ°ì‹ìœ¼ë¡œ í…ìŠ¤ì³ê°€ ë“¤ì–´ë‚˜ëŠ” ë°ë‹˜ íŒ¬ì¸ ë¥¼ ë³„ë¡œ ì„ í˜¸í•˜ì§€ ì•Šì•˜ì—ˆëŠ”ë°, ì´ê±´ ë³´ìžë§ˆìž ì§„ì§œ ì˜ˆì˜ë‹¤ê³  ìƒê°í–ˆì–´ìš”!! ì´ë ‡ê²Œ í¬ë©€í•œ ë£©ì—ë„ ì˜ˆì˜ê³  ìºì£¼ì–¼í•˜ê²Œ ìž…ì–´ë„ ì˜ˆì  ê²ƒ ê°™ë„¤ìš”ðŸ™Š",1
ì‹¤ë£¨ì—£ì´ë‚˜ ì›ë‹¨ëŠë‚Œì´ ë„ˆë¬´ ì¢‹ì•„ë³´ì´ë„¤ìš”ðŸ˜,1
#ì—¬ë¦„ì½”ë”” #íŒ¨ì…˜ìŠ¤íƒ€ê·¸ëž¨ #ë‚¨ìžíŒ¨ì…˜ #ë‚¨ì¹œë£© #30ëŒ€ì½”ë”” #6ì›”ì½”ë”” #í…Œì´í¼ë“œí• #ì—¬ë¦„ì˜·ì¶”ì²œ #ì†Œí†µ #selfie #ë™íƒ„ì„¼íŠ¸ëŸ´íŒŒí¬ #ootd #dailylook #menswear #style #ë‚¨ìžì—¬ë¦„ì˜· #ì—¬ë¦„ë‚¨ìžì½”ë”” #ë™íƒ„ë‚¨ìžíŒ¨ì…˜ #ë™íƒ„ì½”ë”” #ë™íƒ„ë‚¨ìžì˜· #ë™íƒ„ì„¼íŠ¸ëŸ´íŒŒí¬ #likeforlike #ë™íƒ„ì˜·ê°€ê²Œ #ë¡œë“ ,1
ë„ˆë¬´ì˜ˆìœ ëŒ„ë””í•œì½”ë””ë„¤ìš”! ì—­ì‹œì¡´ìž˜ðŸ˜,1
"í¬.. ì§„ì •í•œ ë‚¨ì¹œë£© ë‚˜ì™”ë„¤ì—¬,, ì—­ì‹œ ì—°ì´ë‹˜,, ì•„ë‹ˆ ê·¼ë° ëŒ€í•™ìƒ ì•„ë‹ˆì…¨ë‚˜ì—¬,,,?ðŸ‘€ðŸ‘€ðŸ‘€",1
í‹°ë¼ë¯¸ìŠˆê°™ì€ë‚¨ìžâ˜ºï¸ðŸ¤£ðŸ¤£ðŸ¤£ðŸ¤£ðŸ¤£,1
ì—¬ê¸° ì½”ë”” ë§›ìžˆë‹¤!?ðŸ˜ ê¹”ë”í•œ ì½”ë”” ì™„ì „ ìž˜ì–´ìš¸ë¦¬ì‹ ë‹¤ðŸ”¥,1
ìœ¼ì•— !!! ì˜¤ëŠ˜ìƒ· ë„˜ë„˜ ì¡°ì€ë°ì—¬?!!!!!!,1
ì–¼êµ´ë„ ë§›ì§‘ì´ë„¤ìš”ðŸ˜‹ðŸ˜‹,1
ì™€ í°ì…”ì¸ ì— ì²­ë°”ì§€ ë‚¨ì¹œë£© ê·¸ ìžì²´!!ðŸ”¥ðŸ”¥,1
ì˜¤ëŠ˜ë”°ë¼ ë” ì•„ì´ëŒ ê°™ìœ¼ì„¸ìš” ðŸ‘ðŸ˜,1
ì™„ì „ ë‚¨ì¹œë£©ì´ìžë„ˆ~,1
ì¹´íŽ˜ ë¶„ìœ„ê¸° ë­ì˜ˆìš©â¤ï¸ ë„˜ ì¢‹ì•„ë³´ì´ë„¤ìš©ðŸ˜ ì¸ë‹˜ ì½”ê¸°ëŠ” ë§ë­ ì™„ì „ ë‚¨ì¹œë£© ì •ì„ðŸ‘,1
"ì—‡ ìš”ë£©ì—ìžˆëˆˆ ë°”ì§€ í• ë„˜ì´ë¿Œë‹¤,!!!!! ì´ê±° ìžì£¼ìž…ì–´ì¡° í¬í¬",1
ì—°ë‹˜ì´ ê°”ë˜ë°ëŠ” ë‹¤ ê°€ë³´ê³ ì‹¶ì§€ë§Œ.. ëŒ€êµ¬ëŠ” ì´ˆí¼ ë©€ë‹¤ìš” ì•„ì‰¬ì›Œã… ã… ã… ã… ,1
"ì„¸ìƒì—ë‚˜ ë‚¨ì¹œë£© ì •ì„ì½”ë””,,ë„˜ë‚˜ ì¥¬ì•„ìš” ì¹´íŽ˜ë„ ë„˜ ì˜ˆì˜êµ¬,,ðŸ˜†",1
ì¹´íŽ˜ìž…êµ¬ê°€ ì™„ì „ ë™í™”ê°™ê³  ì˜ˆë»ìš”~! ë£©ë„ ì—„ì²­ ì†Œë…„ìŠ¤ëŸ¬ìš´ëŠë‚ŒðŸ˜†ðŸ‘ðŸ»ðŸ€,1
ëŒ€êµ¬ë¼ë‹ˆ...! ì—¬í–‰ê°€ê²Œë˜ë©´ ê¼­ í•œ ë²ˆ ê°€ë´ì•¼ê² ì–´ìš”ðŸ˜® ë¦¬ìŠ¤íŠ¸ ì¶”ê°€ ì™„ë£Œ...ðŸ“,1
ðŸ”¥,1
ìº¬ ì´ëŸ° ë¹„ë¹„ë“œí•œ ìƒ‰ìƒê¹Œì§€ ìž˜ì–´ìš¸ë¦¬ì‹œë‹¤ë‹ˆ ã„·ã„· í¼ìŠ¤ë„ì»¬ëŸ¬ê°€ ê¶ê¸ˆí•˜ë„¤ìš”ã„·ã„·,1
ì…”ì¸  ìƒ‰ê° ì¨í•´ì„œ ë„ˆë¬´ ì˜ˆë»ìš”ðŸ’™ ì €ë„ ê¸´íŒ”ì…”ì¸  ìž…ê³  ë‚˜ê°”ë‹¤ê°€ ë”ì›Œì„œ ì‹¤ë‚´ì—ì„œë§Œ ë³´ë‚¸ðŸ˜…,1
ì•„ ì¡´ìž˜ ì…”ì¸  ìµœê³ ë‹¤ ì§„ì§œðŸ’™ðŸ’™,1
ë¨¼ê°€ ì—¬ë¦„ ë¹„ì§€ë‹ˆìŠ¤ ìºì¥¬ì–¼ì˜ ì •ì„,1
"ë¹„ì˜¤ê³  ë‚˜ì„œ ì¡°ê¸ˆ ìŠµí•˜ì§€ë§Œ,, ê·¸ëž˜ë„ ë¹„ ì•ˆ ì˜¤ëŠ”ê²Œ ì–´ë””ì˜ˆìš” ã…œ",1
ì…”ì¸  ì»¬ëŸ¬ê°€ ë„ˆë¬´ ì´ë»ìš”ðŸ˜,1
ì—¬ë¦„ì—” ì—­ì‹œ ìš”ëŸ° ì†Œë¼ì¹¼ë¼ê°€ ë§›ë„ë¦¬ì£ !  ì…”ì¸  ì½”ë”” í•ë„ ì¢‹ê³  ë©‹ì§€ê³  í›ˆí›ˆí•œ ëŠë‚Œ ìµœê³±ë‹ˆë‹¤ ðŸ’™ðŸ‘ðŸ»,1
ê¹”ê¼¼í•œ ì½”ë””ì— ìž˜ìƒê¸°ê³  í›ˆí›ˆí•œ ì™¸ëª¨ê°€ ë”í•´ì§€ë‹ˆ ë”í• ë‚˜ìœ„ì—†ì´ì¢‹ë„¤ì—¬ðŸ˜ðŸ˜,1
ì™€ ìƒ‰ê° ë„ëžë‚´ìš” ã„·ã„· ë§‘ì€ í•˜ëŠ˜ ê°™ì•„ìš”ðŸ”¥,1
ë‹¤ìŒì£¼ íœ´ì¼ì„ ìœ„í•˜ì—¬ íŒŒì´íŒ…!!!ðŸ”¥ðŸ”¥ðŸ”¥,1
ë‚¨ì¹œë£©ìœ¼ë¡œ ì½”ë”” ì™„ì„±ì´ì‹ ë°ìš©?,1
ì´ë²ˆì£¼ë„ í™”ì´íŒ…ìž…ë‹ˆë‹¤ðŸ”¥ðŸ”¥,1
í— ì…”ì¸  ìƒ‰ê° ëŒ€ë°• ì™¤ìº ì‹œì›í•˜ê³  ì¢‹ì•„ì—¬?!,1
ì…”ì¸ ì½”ë””ìµœê³ ë¼ë‹ˆê¹Œ..ðŸ«¶ðŸ»,1
ì²­ëŸ‰í•œ ë¸”ë£¨ìƒ‰ê° ë„ˆë¬´ ì¢‹ë„¤ìš”ðŸ”¥ ì°ì—¬ë¦„ì˜¤ê¸°ì „ì— ë½•ë½‘ê¸°ðŸ™ŒðŸ™Œ,1
í…Œì´í¼ë“œ ìŠ¬ëž™ìŠ¤ì— ì¹´ë¼ë°˜íŒ”ì—~ ë„íŠ¸ë°±!!! ì˜¬ë¸”ëž™ì— í¬ì“°ê¹Œì§€ ! ì™„ì „ ê¾¸ì•ˆê¾¸ëŠë‚Œì— ë°ì¼ë¦¬ë£©ìœ¼ë¡œìµœê³ !!!,1
"ì•ˆë…•í•˜ì„¸ìš”! ìœ ìµì„ ë“œë¦¬ëŠ” ìºì£¼ì–¼ íŒ¨ì…˜ ë¸Œëžœë“œ, ì˜¤ë„¤ì‹œë³´ë¡œ ìž…ë‹ˆë‹¤ðŸ•ŠðŸŒ¿  ë‹˜ì˜ ë¶„ìœ„ê¸° ê°€ë“í•˜ì‹  ì‹¬í”Œí•˜ì‹  ì½”ë””ê°€ ì •ë§ ìµœê³ ì„¸ìš”ðŸ‘ðŸ» ê´œì°®ìœ¼ì‹œë‹¤ë©´ ë§žíŒ”í•˜ì‹œë©´ì„œ ê¾¸ì¤€ížˆ ì†Œí†µí•˜ê³  ì‹¶ì–´ìš”! ì§„ì‹¬ìœ¼ë¡œ ì‘ì›í•˜ê² ìŠµë‹ˆë‹¤âœ¨ í‰ì˜¨í•˜ì‹  ì˜¤í›„ ë³´ë‚´ì„¸ìš”ðŸ–¤",1
ðŸ˜†,1
ðŸ§,1
â¤ï¸,1
ìŠ¤íƒ€ì¼ì´ ì¢‹ìœ¼ì‹œë„¤ìš”,1
ìž˜ ë³´ê³  ê°‘ë‹ˆë‹¤~~~^^,1
í”¼ë“œ ìž˜ ë³´ê³  ê°‘ë‹ˆë‹¤!,1
ðŸ‘–,1
ðŸ˜ðŸ˜ë„ˆë¬´ ê¸°ëŒ€ë˜ìš”. ì…‹ì—…ìœ¼ë¡œ ìž…ìœ¼ë ¤êµ¬ìš”!,1
.,1
í™ˆí”¼ì—” ì•„ì§ì—…ëŽƒ ì•ˆëœê±°ì£  ?,1
ë¸”ëž™ë„ ë‚˜ì˜¬ê¹Œìš”?,1
"í•œ ë²Œë¡œ êµ¬ë§¤í•˜ê³  ì‹¶ì€ë°, ìŠˆì¦ˆ ì •ë³´ ë¶€íƒë“œë ¤ìš”",1
.,1
ìƒí•˜ì˜ ìƒ‰ê° ì†Œìž¬ ì°¨ì´ê°€ ëˆˆì— ëŒ ì •ë„ì¼ê¹Œìš”?,1
ê¹”ë”í•˜ê³  ì´ì©ë‹ˆë‹¤ðŸ‘ðŸ‘,1
ë¶„ìœ„ê¸°ëž‘ í• ë¯¸ì³¤ì–´ìš”!!!!!ðŸ‘ðŸ‘,1
ðŸ°,1
ìŠˆì¦ˆê¹Œì§€ ì™„ë²½í•œ ë£©ìž…ë‹ˆë‹¹ ðŸ’¯ðŸ’¯ðŸ’¯,1
í—¨ë¦¬ë„¥ ã…Žã…Ž í• ê¸°ë˜¥ì°¾ë‹ˆë”ðŸ˜,1
í•¸ë¦¬ë„¥ì´ ì´ë ‡ê²Œ ìž˜ ì–´ìš¸ë¦¬ê¸° ìžˆë‚˜ìš” ðŸ‘ðŸ‘,1
ê·¸ëŸ¼ ë‹¤ì‹œ!!!!!âœ¨âœ¨â˜ºï¸,1
ê¹”ë” í´ë¡œ ðŸ‘ðŸ‘ ìš´ë™ ì—´ì‹¬ížˆ í•˜ì…”ì„œ ë¹„ìœ¨ì´ ì ì  ë” ì¢‹ì•„ì§€ì‹œëŠ” ê²ƒ ê°™ì•„ìš”.ðŸ”¥,1
í”¼ì§€ì»¬ ë¯¸ì¹˜ë„ë¡ì¡°ì•„ìš”â¤ï¸â¤ï¸ðŸ˜ðŸ”¥,1
ìº¬ í•€í„±ë°”ì§€ ë„˜ ìž˜ ì–´ìš¸ë¦¬ì„¸ìš”ðŸ”¥ðŸ”¥,1
ë‹¤ì‹œ ì˜¬ë ¤ì£¼ì…”ì„œ ê°ìƒ¤í•¨ëŒœðŸ¤­ðŸ¤­ðŸ¤­,1
ì†Œì›ë‹˜ í–‡ë¹›ë§ˆì € ë„ì™€ì£¼ë„¤ìš”â˜€ï¸ ë½€ì–€í”¼ë¶€ ë” ë½€ì–—ê²Œ ë‚˜ì™€ë˜ìš©ðŸ˜,1
ìš°ì•™ ë¨¸ë¦¬ ìžë¥´ì„¸ë‹ˆê¹Œ ì¸ë¬¼ì´ ì‹¬í•˜ê²Œ ì‚¬ëŠ”ë°ìš©,1
ìƒì˜í• ë„ˆë¬´ ë©‹ì§€ì‹­ë‹ˆë‹¤ðŸ”¥,1
í ë‚¨ì„±ë¯¸ ë„˜ì¹˜ëŠ” ì½”ë””ðŸ˜,1
ë¨¸ìŠ¬í• ì£½ì´ë„¤ìš”ðŸ˜ðŸ‘ðŸ‘,1
í• ì¢‹ìœ¼ì„¸ìš”ðŸ¤”ðŸ¤”,1
ì•„ì´êµ¬ !! ã…Žã…Ž ì €ë„ ì €ë²ˆì— ê·¸ëŸ°ì‹¤ìˆ˜ë¥¼ í•œ ì ì´ ìžˆì—ˆëŠ”ë° ë¬´ì²™ ì•„ì‰½ë”ë¼êµ¬ìš” ã…Žã…Ž ì˜¤ëŠ˜ ì½”ë”” ë„ˆë¬´ ë©‹ìžˆì–´ìš”!,1
íŒ¬ì¸ í•ë¶€í„° ì…”ì¸ ê¹Œì§€ ì™„ë²½ðŸ”¥ðŸ”¥,1
íì•™ ã…œ ã…œë¶€ë‹¤íŽ˜ìŠ¤íŠ¸ë¼ë‹ˆ...ì§„ì§œ ë„ˆë¬´ë„ˆë¬´ ê°€ê³ ì‹¶ì—ˆë˜ê³³ì¸ë°ì—¬ ðŸ˜ðŸ˜ðŸ˜ðŸ˜,1
í¬ìœ¼ìœ¼ìœ¼ìœ¼ í¬ìŠ¤ë„˜ì¹˜ëŠ” ì˜¬ë¸”ëž™ì½”ë””ë¡œ ë¶€ë‹¤íŽ˜ìŠ¤íŠ¸ ì ‘ìˆ˜í•˜ì…¨êµ°ìš”..!!ðŸ”¥ðŸ”¥ðŸ”¥ðŸ”¥,1
ë©‹ì§„ ë¸”ëž™ ì½”ë””ì— ë°°ê²½ê¹Œì§€ ë„˜ ë©‹ì§€ë„¤ìš”ðŸ”¥ðŸ”¥ ìœ ëŸ½ì´ë¼ë‹ˆ ì •ë§ ë¶€ëŸ½ìŠµë‹ˆë‹¤!,1
"í—ê°€ë¦¬ëŠ” í•œë²ˆë„ ëª»ê°€ë´¤ëŠ”ë°, ëžœì„  ì²´í—˜í•˜ê² ìŠµë‹ˆë‹¤ðŸ˜ðŸ‘",1
ì—¬ìœ ë¥¼ ì¦ê¸°ì‹œëŠ”ê²Œ ìœ ëŸ¬í”¼ì•ˆ ì´ì‹ ë°ìš”ðŸ˜,1
ìº¬â€¦. ë¶€ë‹¤íŽ˜ìŠ¤íŠ¸ ì§„ì§œ ë¶€ëŸ½ë„¤ì—¬ðŸ˜,1
í¬ í•ì´ ë„˜ ë©‹ì§€ì„¸ìš”ðŸ˜ðŸ˜,1
ë§ˆì§€ë§‰ ìœ¤ìŠ¬ì´ ë³´ì´ëŠ” ë°°ê²½ê³¼ ê±¸ì–´ê°€ëŠ” ë™ì˜ìƒ ë„ˆë¬´ ë©‹ì§€ë„¤ìš”ðŸ«¢ðŸ‘ðŸ»,1
ìœ ëŸ½ì—¬í–‰ì€ ë„ˆë¬´ ì¦ê±°ì›Œìš”ã… ã… ë‹¤ë“¤ ì—¬ìœ  ì¦ê¸°ëŠ” ëª¨ìŠµë§Œ ë´ë„ ì œê°€ ë‹¤ ì—¬ìœ ë¡œì›Œì§€ë”ë¼ê³ ìš”ðŸ‘ðŸ»ðŸ‘ðŸ»,1
ì˜¤ã…ìš°â¤ï¸ ëŒ€ë¦¬ë§Œì¡± í•©ë‹ˆë‹¤â¤ï¸,1
ë¶€ë‹¤íŽ˜ìŠ¤íŠ¸ ì—­ì‹œ... ìµœê³ ë„¤ì—¬ ðŸ‘ðŸ‘,1
ë„ˆë¬´ìž¬ë°Œì„ê±°ê°™ì•„ìš” >__< ì¦ê±°ìš´ì—¬í–‰í•˜ê·œ ì‚¬ì§„ë§Žì´ìžëž‘í•´ì£¼ì„¸ìš”!!,1
ì„ ê¸€ë¼ìŠ¤ ë•ë¶„ì— ì—¬ìœ ê°€ ë”ìš± ë„˜ì³ë³´ì—¬ìš”ðŸ‘,1
í¬ ë¸”ëž™ì½”ë”” ë„˜ ë©‹ì§€ì‹œë‹¤ðŸ‘ðŸ‘,1
ì˜·ì½”ë””ê°€ ì´ë¿Œë„¤ìš© ã…Žã…Ž ìž˜ë³´ê³ ê°‘ë‹ˆë‹¤,1
í—ˆë¦¬ 28 ê°œë¯¸í—ˆë¦¬ë„¤,1
ðŸ”¥,1
ðŸ™‹â€â™‚ï¸,1
28..?,1
ì˜· ìƒ‰ì¡°í•©ì´ ì¢‹ë„¤ìš” ã…Žã…Ž ìž˜ë³´ê³ ê°‘ë‹ˆë‹¹,1
ì¹´ë¼ë‹ˆíŠ¸ ì»¬ëŸ¬ê° êµ¿ì´ë„¤ìš”ì˜¤ì˜¹,1
ì¹´ë¼ë‹ˆíŠ¸ìƒ‰ ë„ˆë¬´ ì¢‹ì€ë°ì—¬? ðŸ‘ðŸ‘€ðŸ˜,1
ìƒì˜ í¬ì¸íŠ¸ ì´ìœë°ìš”ðŸ”¥,1
íœ´ì¼ì´ë¼ ë” ì„¤ë ˆìš” ì•„ì£¼ã…‹ã…‹ã…‹ã…‹ðŸ˜„ðŸ˜„ðŸ˜„,1
ì¹´ë¼ë‹ˆíŠ¸ ì¹¼ë¼ê° ë„ˆë¬´ì´ì˜ë„¤ìš” ðŸ˜ðŸ˜ ë„ˆë¬´ìž˜ì–´ìš¸ë¦¬ì„¸ìš”!!,1
ìˆ˜ì•„ë ˆ ë¯¸ë‹ˆë©€ ê°ì„± ë„˜ ì¢‹ì¥¬!! ã…Žã…Žã…Ž ì´ì©ë‹ˆë‹· ðŸ”¥,1
ì—°íœ´ ëŒ•ì¢‹ë„¤ìš”â€¦ðŸ”¥ ë‹ˆíŠ¸ ìƒ‰ìƒ ì˜ˆì˜ë‹¤,1
ìˆ˜ì•„ë ˆ ì „ìš© ëª¨ë¸ ì´ì‹ ê°€ìš” ? ì½”ë””ê°€ ì•„ì£¼ ì°°ë–¡ ðŸ’ž,1
ì¹´ë¼ë‹ˆíŠ¸ ê¹”ë”í•˜êµ¬ ì¢‹ë„¤ìš©ðŸ’šðŸ’š,1
ê·¸ë¦° ê³„ì—´ ìƒ‰ê°ì´ ë„˜ ì´ìœê±¸ìš”ðŸŒ±ðŸ‘,1
ìƒ‰ê° ë„ˆë¬´ ì´ì˜ë„¤ìš”ðŸ˜†,1
ì™„ì „ ê¹”ë”í•œ ì•„ë³´ì¹´ë„ ìƒ‰ì´ë„¤ìš”ðŸ˜,1
í‹°ì…”ì¸  ìƒ‰ê° ë¨¸ì„ ì¼ ðŸ”¥,1
ìƒì˜ ìƒ‰ê° ë„ˆë¬´ ì´ì˜ì‹œë‹¤ðŸ”¥ðŸ”¥,1
ðŸ™Œ,1
ì™€... ìš” ë¸”ë ˆì´ì €ìžì¼“ ì €ë„ êµ¬ê²½ê°€ë´ì•¼ê² ë„¤ìš”ðŸ”¥,1
ê¹…ì—„ì²´í¬ì— ë‹ˆíŠ¸íƒ€ì´ðŸ‘ ë„ˆë¬´ ì¢‹ì•„í•˜ëŠ” ì·¨ì € ì¡°í•©ì´ë„¤ìš”ðŸ”¥ 5ì›”ë„ í–‰ë³µí•˜ê²Œ ë³´ë‚´ì„¸ìš”,1
ì™€ ë¡¤ì—… ë„ˆë¬´ ì˜ˆìœë°ìš”?!,1
5ì›”ë„ í™”ì´íŒ…ìž…ë‹ˆë‹¤! ë‹ˆíŠ¸íƒ€ì´ë„ ë„ˆë¬´ ì˜ˆì˜êµ¬ìš”ðŸ™Œ,1
ìº¬ ìš”ì¦˜ì—” ìœ ë‹ˆí´ë¡œë§Œìœ¼ë¡œë„ ìš”ëŸ° ë©‹ìŸì´ê°€ ë ìˆ˜ ìžˆëŠ” ì„¸ìƒì´ë„¤ìš” ðŸ”¥ðŸ‘,1
ì¼êµì°¨ê°€ í°ë‚ ì”¨ì— ë”±ì´ë„¤ìš”!ðŸ‘,1
ì•ˆì— ì²´í¬ì…”ì¸ ë„ ë„ˆë¬´ ì´ë»ìš”ðŸ‘ðŸ‘,1
ã…ˆã…ì¼“ ìƒ‰ê° ë„ˆë¬´ ì˜ˆì˜ë„¤ìš”ðŸ˜,1
ìº¬ ì½”ë”” ë„˜ ì¢‹ì•„ìš”â¤ï¸â¤ï¸,1
í¬ ì½”ë”” ì¡°í•© ë„ˆë¬´ ì¢‹ì€ë°ìš”ðŸ”¥ðŸ”¥,1
ë¡¤ì—…ê¹Œì§€ ê¹”ë”í•˜ë„¤ìš”ðŸ˜®,1
ì—­ì‹œ ì˜¤ëŠ˜ë„ ê¹”ë”í•œ ì„¼ìŠ¤ìžˆëŠ”ì½”ë””ë„¤ìš”ðŸ¤©ðŸ‘ 5ì›”ë„ í™”ì´íŒ…ìž…ë‹ˆë‹·ðŸ”¥,1
5ì›”ë„ í™”ì´íŒ…ìž…ë‹ˆë‹¤ðŸ™ŒðŸ™Œ,1
ìœ„íŠ¸ìžˆëŠ” ìºì£¼ì–¼ ì½”ë”” ì¢‹ë„¤ìš”ðŸ”¥,1
ì½”íŠ¼ ë¸”ë ˆì´ì €ì— ì²´í¬ì…”ì¸  ì•„ì£¼ ë§›ìž‡ëŠ” ì½”ë””ðŸ”¥,1
label,1
